,Year,Commodity,Value,Category
0,1974.0,Other cereal grains,4.55,"Grain, Seed, Fiber Crops"
1,1975.0,Other cereal grains,7.76,"Grain, Seed, Fiber Crops"
2,1976.0,Other cereal grains,9.48,"Grain, Seed, Fiber Crops"
3,1977.0,Other cereal grains,11.68,"Grain, Seed, Fiber Crops"
4,1978.0,Other cereal grains,9.46,"Grain, Seed, Fiber Crops"
5,1979.0,Other cereal grains,6.33,"Grain, Seed, Fiber Crops"
6,1980.0,Other cereal grains,8.40,"Grain, Seed, Fiber Crops"
7,1981.0,Other cereal grains,11.30,"Grain, Seed, Fiber Crops"
8,1982.0,Other cereal grains,13.10,"Grain, Seed, Fiber Crops"
9,1983.0,Other cereal grains,16.40,"Grain, Seed, Fiber Crops"
10,1984.0,Other cereal grains,10.80,"Grain, Seed, Fiber Crops"
11,1985.0,Other cereal grains,16.30,"Grain, Seed, Fiber Crops"
12,1986.0,Other cereal grains,18.80,"Grain, Seed, Fiber Crops"
13,1987.0,Other cereal grains,17.60,"Grain, Seed, Fiber Crops"
14,1988.0,Other cereal grains,14.50,"Grain, Seed, Fiber Crops"
15,1989.0,Other cereal grains,20.90,"Grain, Seed, Fiber Crops"
16,1990.0,Other cereal grains,12.70,"Grain, Seed, Fiber Crops"
17,1991.0,Other cereal grains,20.00,"Grain, Seed, Fiber Crops"
18,1992.0,Other cereal grains,14.60,"Grain, Seed, Fiber Crops"
19,1993.0,Other cereal grains,27.90,"Grain, Seed, Fiber Crops"
20,1994.0,Other cereal grains,27.70,"Grain, Seed, Fiber Crops"
21,1995.0,Other cereal grains,22.40,"Grain, Seed, Fiber Crops"
22,1996.0,Other cereal grains,9.40,"Grain, Seed, Fiber Crops"
23,1997.0,Other cereal grains,15.40,"Grain, Seed, Fiber Crops"
24,1998.0,Other cereal grains,23.20,"Grain, Seed, Fiber Crops"
25,1999.0,Other cereal grains,43.00,"Grain, Seed, Fiber Crops"
26,2000.0,Other cereal grains,60.90,"Grain, Seed, Fiber Crops"
27,2001.0,Other cereal grains,55.00,"Grain, Seed, Fiber Crops"
28,2002.0,Other cereal grains,114.80,"Grain, Seed, Fiber Crops"
29,2003.0,Other cereal grains,110.30,"Grain, Seed, Fiber Crops"
30,2004.0,Other cereal grains,128.50,"Grain, Seed, Fiber Crops"
31,2005.0,Other cereal grains,76.30,"Grain, Seed, Fiber Crops"
32,2006.0,Other cereal grains,137.10,"Grain, Seed, Fiber Crops"
33,2007.0,Other cereal grains,120.00,"Grain, Seed, Fiber Crops"
34,2008.0,Other cereal grains,99.53,"Grain, Seed, Fiber Crops"
35,2009.0,Other cereal grains,113.20,"Grain, Seed, Fiber Crops"
36,2010.0,Other cereal grains,100.10,"Grain, Seed, Fiber Crops"
37,2011.0,Other cereal grains,105.00,"Grain, Seed, Fiber Crops"
38,2012.0,Other cereal grains,110.00,"Grain, Seed, Fiber Crops"
39,2013.0,Other cereal grains,115.00,"Grain, Seed, Fiber Crops"
40,2014.0,Other cereal grains,90.00,"Grain, Seed, Fiber Crops"
41,2015.0,Other cereal grains,14.52,"Grain, Seed, Fiber Crops"
42,2016.0,Other cereal grains,19.31,"Grain, Seed, Fiber Crops"
43,2017.0,Other cereal grains,7.13,"Grain, Seed, Fiber Crops"
44,2018.0,Other cereal grains,7.50,"Grain, Seed, Fiber Crops"
45,2019.0,Other cereal grains,13.91,"Grain, Seed, Fiber Crops"
46,2020.0,Other cereal grains,49.57,"Grain, Seed, Fiber Crops"
47,2021.0,Other cereal grains,63.88,"Grain, Seed, Fiber Crops"
48,2022.0,Other cereal grains,78.68,"Grain, Seed, Fiber Crops"
49,2023.0,Other cereal grains,48.42,"Grain, Seed, Fiber Crops"
50,1974.0,Canola,1.89,"Grain, Seed, Fiber Crops"
51,1975.0,Canola,1.85,"Grain, Seed, Fiber Crops"
52,1976.0,Canola,1.55,"Grain, Seed, Fiber Crops"
53,1977.0,Canola,3.00,"Grain, Seed, Fiber Crops"
54,1978.0,Canola,4.80,"Grain, Seed, Fiber Crops"
55,1979.0,Canola,9.10,"Grain, Seed, Fiber Crops"
56,1980.0,Canola,4.50,"Grain, Seed, Fiber Crops"
57,1981.0,Canola,3.30,"Grain, Seed, Fiber Crops"
58,1982.0,Canola,1.66,"Grain, Seed, Fiber Crops"
59,1983.0,Canola,4.32,"Grain, Seed, Fiber Crops"
60,1984.0,Canola,9.90,"Grain, Seed, Fiber Crops"
61,1985.0,Canola,21.30,"Grain, Seed, Fiber Crops"
62,1986.0,Canola,19.00,"Grain, Seed, Fiber Crops"
63,1987.0,Canola,17.77,"Grain, Seed, Fiber Crops"
64,1988.0,Canola,20.51,"Grain, Seed, Fiber Crops"
65,1989.0,Canola,24.20,"Grain, Seed, Fiber Crops"
66,1990.0,Canola,28.30,"Grain, Seed, Fiber Crops"
67,1991.0,Canola,48.30,"Grain, Seed, Fiber Crops"
68,1992.0,Canola,56.80,"Grain, Seed, Fiber Crops"
69,1993.0,Canola,108.04,"Grain, Seed, Fiber Crops"
70,1994.0,Canola,96.70,"Grain, Seed, Fiber Crops"
71,1995.0,Canola,207.89,"Grain, Seed, Fiber Crops"
72,1996.0,Canola,238.62,"Grain, Seed, Fiber Crops"
73,1997.0,Canola,329.85,"Grain, Seed, Fiber Crops"
74,1998.0,Canola,643.31,"Grain, Seed, Fiber Crops"
75,1999.0,Canola,759.59,"Grain, Seed, Fiber Crops"
76,2000.0,Canola,545.08,"Grain, Seed, Fiber Crops"
77,2001.0,Canola,675.00,"Grain, Seed, Fiber Crops"
78,2002.0,Canola,388.80,"Grain, Seed, Fiber Crops"
79,2003.0,Canola,685.70,"Grain, Seed, Fiber Crops"
80,2004.0,Canola,502.70,"Grain, Seed, Fiber Crops"
81,2005.0,Canola,473.40,"Grain, Seed, Fiber Crops"
82,2006.0,Canola,227.20,"Grain, Seed, Fiber Crops"
83,2007.0,Canola,658.60,"Grain, Seed, Fiber Crops"
84,2008.0,Canola,1011.39,"Grain, Seed, Fiber Crops"
85,2009.0,Canola,839.80,"Grain, Seed, Fiber Crops"
86,2010.0,Canola,1283.40,"Grain, Seed, Fiber Crops"
87,2011.0,Canola,1759.30,"Grain, Seed, Fiber Crops"
88,2012.0,Canola,2269.54,"Grain, Seed, Fiber Crops"
89,2013.0,Canola,2128.70,"Grain, Seed, Fiber Crops"
90,2014.0,Canola,1782.36,"Grain, Seed, Fiber Crops"
91,2015.0,Canola,1475.66,"Grain, Seed, Fiber Crops"
92,2016.0,Canola,2412.07,"Grain, Seed, Fiber Crops"
93,2017.0,Canola,2098.82,"Grain, Seed, Fiber Crops"
94,2018.0,Canola,1357.58,"Grain, Seed, Fiber Crops"
95,2019.0,Canola,1371.09,"Grain, Seed, Fiber Crops"
96,2020.0,Canola,2929.73,"Grain, Seed, Fiber Crops"
97,2021.0,Canola,6001.88,"Grain, Seed, Fiber Crops"
98,2022.0,Canola,6558.41,"Grain, Seed, Fiber Crops"
99,2023.0,Canola,4114.45,"Grain, Seed, Fiber Crops"
100,1974.0,Other oilseeds,64.24,"Grain, Seed, Fiber Crops"
101,1975.0,Other oilseeds,43.49,"Grain, Seed, Fiber Crops"
102,1976.0,Other oilseeds,55.48,"Grain, Seed, Fiber Crops"
103,1977.0,Other oilseeds,84.80,"Grain, Seed, Fiber Crops"
104,1978.0,Other oilseeds,112.63,"Grain, Seed, Fiber Crops"
105,1979.0,Other oilseeds,89.33,"Grain, Seed, Fiber Crops"
106,1980.0,Other oilseeds,97.62,"Grain, Seed, Fiber Crops"
107,1981.0,Other oilseeds,91.98,"Grain, Seed, Fiber Crops"
108,1982.0,Other oilseeds,62.44,"Grain, Seed, Fiber Crops"
109,1983.0,Other oilseeds,137.06,"Grain, Seed, Fiber Crops"
110,1984.0,Other oilseeds,170.80,"Grain, Seed, Fiber Crops"
111,1985.0,Other oilseeds,131.80,"Grain, Seed, Fiber Crops"
112,1986.0,Other oilseeds,109.77,"Grain, Seed, Fiber Crops"
113,1987.0,Other oilseeds,138.72,"Grain, Seed, Fiber Crops"
114,1988.0,Other oilseeds,148.34,"Grain, Seed, Fiber Crops"
115,1989.0,Other oilseeds,78.60,"Grain, Seed, Fiber Crops"
116,1990.0,Other oilseeds,97.91,"Grain, Seed, Fiber Crops"
117,1991.0,Other oilseeds,104.47,"Grain, Seed, Fiber Crops"
118,1992.0,Other oilseeds,79.08,"Grain, Seed, Fiber Crops"
119,1993.0,Other oilseeds,129.51,"Grain, Seed, Fiber Crops"
120,1994.0,Other oilseeds,79.78,"Grain, Seed, Fiber Crops"
121,1995.0,Other oilseeds,81.66,"Grain, Seed, Fiber Crops"
122,1996.0,Other oilseeds,121.81,"Grain, Seed, Fiber Crops"
123,1997.0,Other oilseeds,83.26,"Grain, Seed, Fiber Crops"
124,1998.0,Other oilseeds,165.19,"Grain, Seed, Fiber Crops"
125,1999.0,Other oilseeds,139.38,"Grain, Seed, Fiber Crops"
126,2000.0,Other oilseeds,77.16,"Grain, Seed, Fiber Crops"
127,2001.0,Other oilseeds,70.78,"Grain, Seed, Fiber Crops"
128,2002.0,Other oilseeds,47.02,"Grain, Seed, Fiber Crops"
129,2003.0,Other oilseeds,89.81,"Grain, Seed, Fiber Crops"
130,2004.0,Other oilseeds,67.67,"Grain, Seed, Fiber Crops"
131,2005.0,Other oilseeds,71.87,"Grain, Seed, Fiber Crops"
132,2006.0,Other oilseeds,33.97,"Grain, Seed, Fiber Crops"
133,2007.0,Other oilseeds,89.35,"Grain, Seed, Fiber Crops"
134,2008.0,Other oilseeds,104.92,"Grain, Seed, Fiber Crops"
135,2009.0,Other oilseeds,81.99,"Grain, Seed, Fiber Crops"
136,2010.0,Other oilseeds,59.30,"Grain, Seed, Fiber Crops"
137,2011.0,Other oilseeds,80.40,"Grain, Seed, Fiber Crops"
138,2012.0,Other oilseeds,86.88,"Grain, Seed, Fiber Crops"
139,2013.0,Other oilseeds,54.44,"Grain, Seed, Fiber Crops"
140,2014.0,Other oilseeds,71.30,"Grain, Seed, Fiber Crops"
141,2015.0,Other oilseeds,58.16,"Grain, Seed, Fiber Crops"
142,2016.0,Other oilseeds,69.07,"Grain, Seed, Fiber Crops"
143,2017.0,Other oilseeds,35.41,"Grain, Seed, Fiber Crops"
144,2018.0,Other oilseeds,19.39,"Grain, Seed, Fiber Crops"
145,2019.0,Other oilseeds,21.70,"Grain, Seed, Fiber Crops"
146,2020.0,Other oilseeds,61.43,"Grain, Seed, Fiber Crops"
147,2021.0,Other oilseeds,61.43,"Grain, Seed, Fiber Crops"
148,2022.0,Other oilseeds,46.25,"Grain, Seed, Fiber Crops"
149,2023.0,Other oilseeds,37.06,"Grain, Seed, Fiber Crops"
150,1974.0,Chickpeas,0.00,"Grain, Seed, Fiber Crops"
151,1975.0,Chickpeas,0.00,"Grain, Seed, Fiber Crops"
152,1976.0,Chickpeas,0.00,"Grain, Seed, Fiber Crops"
153,1977.0,Chickpeas,0.00,"Grain, Seed, Fiber Crops"
154,1978.0,Chickpeas,0.00,"Grain, Seed, Fiber Crops"
155,1979.0,Chickpeas,0.00,"Grain, Seed, Fiber Crops"
156,1980.0,Chickpeas,0.00,"Grain, Seed, Fiber Crops"
157,1981.0,Chickpeas,0.00,"Grain, Seed, Fiber Crops"
158,1982.0,Chickpeas,0.00,"Grain, Seed, Fiber Crops"
159,1983.0,Chickpeas,0.00,"Grain, Seed, Fiber Crops"
160,1984.0,Chickpeas,0.00,"Grain, Seed, Fiber Crops"
161,1985.0,Chickpeas,0.00,"Grain, Seed, Fiber Crops"
162,1986.0,Chickpeas,0.00,"Grain, Seed, Fiber Crops"
163,1987.0,Chickpeas,0.00,"Grain, Seed, Fiber Crops"
164,1988.0,Chickpeas,0.00,"Grain, Seed, Fiber Crops"
165,1989.0,Chickpeas,48.85,"Grain, Seed, Fiber Crops"
166,1990.0,Chickpeas,44.00,"Grain, Seed, Fiber Crops"
167,1991.0,Chickpeas,55.59,"Grain, Seed, Fiber Crops"
168,1992.0,Chickpeas,51.75,"Grain, Seed, Fiber Crops"
169,1993.0,Chickpeas,72.47,"Grain, Seed, Fiber Crops"
170,1994.0,Chickpeas,34.16,"Grain, Seed, Fiber Crops"
171,1995.0,Chickpeas,104.84,"Grain, Seed, Fiber Crops"
172,1996.0,Chickpeas,79.76,"Grain, Seed, Fiber Crops"
173,1997.0,Chickpeas,74.55,"Grain, Seed, Fiber Crops"
174,1998.0,Chickpeas,71.81,"Grain, Seed, Fiber Crops"
175,1999.0,Chickpeas,78.06,"Grain, Seed, Fiber Crops"
176,2000.0,Chickpeas,75.23,"Grain, Seed, Fiber Crops"
177,2001.0,Chickpeas,130.15,"Grain, Seed, Fiber Crops"
178,2002.0,Chickpeas,62.54,"Grain, Seed, Fiber Crops"
179,2003.0,Chickpeas,61.48,"Grain, Seed, Fiber Crops"
180,2004.0,Chickpeas,36.04,"Grain, Seed, Fiber Crops"
181,2005.0,Chickpeas,56.04,"Grain, Seed, Fiber Crops"
182,2006.0,Chickpeas,137.10,"Grain, Seed, Fiber Crops"
183,2007.0,Chickpeas,194.52,"Grain, Seed, Fiber Crops"
184,2008.0,Chickpeas,199.15,"Grain, Seed, Fiber Crops"
185,2009.0,Chickpeas,215.85,"Grain, Seed, Fiber Crops"
186,2010.0,Chickpeas,207.40,"Grain, Seed, Fiber Crops"
187,2011.0,Chickpeas,307.50,"Grain, Seed, Fiber Crops"
188,2012.0,Chickpeas,320.06,"Grain, Seed, Fiber Crops"
189,2013.0,Chickpeas,221.73,"Grain, Seed, Fiber Crops"
190,2014.0,Chickpeas,314.66,"Grain, Seed, Fiber Crops"
191,2015.0,Chickpeas,685.30,"Grain, Seed, Fiber Crops"
192,2016.0,Chickpeas,1668.56,"Grain, Seed, Fiber Crops"
193,2017.0,Chickpeas,650.21,"Grain, Seed, Fiber Crops"
194,2018.0,Chickpeas,231.00,"Grain, Seed, Fiber Crops"
195,2019.0,Chickpeas,178.91,"Grain, Seed, Fiber Crops"
196,2020.0,Chickpeas,519.73,"Grain, Seed, Fiber Crops"
197,2021.0,Chickpeas,725.82,"Grain, Seed, Fiber Crops"
198,2022.0,Chickpeas,338.70,"Grain, Seed, Fiber Crops"
199,2023.0,Chickpeas,390.90,"Grain, Seed, Fiber Crops"
200,1974.0,Lentils,0.0,"Grain, Seed, Fiber Crops"
201,1975.0,Lentils,0.0,"Grain, Seed, Fiber Crops"
202,1976.0,Lentils,0.0,"Grain, Seed, Fiber Crops"
203,1977.0,Lentils,0.0,"Grain, Seed, Fiber Crops"
204,1978.0,Lentils,0.0,"Grain, Seed, Fiber Crops"
205,1979.0,Lentils,0.0,"Grain, Seed, Fiber Crops"
206,1980.0,Lentils,0.0,"Grain, Seed, Fiber Crops"
207,1981.0,Lentils,0.0,"Grain, Seed, Fiber Crops"
208,1982.0,Lentils,0.0,"Grain, Seed, Fiber Crops"
209,1983.0,Lentils,0.0,"Grain, Seed, Fiber Crops"
210,1984.0,Lentils,0.0,"Grain, Seed, Fiber Crops"
211,1985.0,Lentils,0.0,"Grain, Seed, Fiber Crops"
212,1986.0,Lentils,0.0,"Grain, Seed, Fiber Crops"
213,1987.0,Lentils,0.0,"Grain, Seed, Fiber Crops"
214,1988.0,Lentils,0.00,"Grain, Seed, Fiber Crops"
215,1989.0,Lentils,0.00,"Grain, Seed, Fiber Crops"
216,1990.0,Lentils,0.00,"Grain, Seed, Fiber Crops"
217,1991.0,Lentils,0.25,"Grain, Seed, Fiber Crops"
218,1992.0,Lentils,0.28,"Grain, Seed, Fiber Crops"
219,1993.0,Lentils,0.68,"Grain, Seed, Fiber Crops"
220,1994.0,Lentils,1.00,"Grain, Seed, Fiber Crops"
221,1995.0,Lentils,7.50,"Grain, Seed, Fiber Crops"
222,1996.0,Lentils,16.67,"Grain, Seed, Fiber Crops"
223,1997.0,Lentils,15.68,"Grain, Seed, Fiber Crops"
224,1998.0,Lentils,18.07,"Grain, Seed, Fiber Crops"
225,1999.0,Lentils,53.90,"Grain, Seed, Fiber Crops"
226,2000.0,Lentils,62.91,"Grain, Seed, Fiber Crops"
227,2001.0,Lentils,68.50,"Grain, Seed, Fiber Crops"
228,2002.0,Lentils,30.00,"Grain, Seed, Fiber Crops"
229,2003.0,Lentils,37.90,"Grain, Seed, Fiber Crops"
230,2004.0,Lentils,25.87,"Grain, Seed, Fiber Crops"
231,2005.0,Lentils,127.66,"Grain, Seed, Fiber Crops"
232,2006.0,Lentils,16.57,"Grain, Seed, Fiber Crops"
233,2007.0,Lentils,56.30,"Grain, Seed, Fiber Crops"
234,2008.0,Lentils,66.67,"Grain, Seed, Fiber Crops"
235,2009.0,Lentils,113.12,"Grain, Seed, Fiber Crops"
236,2010.0,Lentils,255.30,"Grain, Seed, Fiber Crops"
237,2011.0,Lentils,139.23,"Grain, Seed, Fiber Crops"
238,2012.0,Lentils,115.88,"Grain, Seed, Fiber Crops"
239,2013.0,Lentils,183.59,"Grain, Seed, Fiber Crops"
240,2014.0,Lentils,221.81,"Grain, Seed, Fiber Crops"
241,2015.0,Lentils,212.42,"Grain, Seed, Fiber Crops"
242,2016.0,Lentils,600.00,"Grain, Seed, Fiber Crops"
243,2017.0,Lentils,272.09,"Grain, Seed, Fiber Crops"
244,2018.0,Lentils,223.89,"Grain, Seed, Fiber Crops"
245,2019.0,Lentils,308.57,"Grain, Seed, Fiber Crops"
246,2020.0,Lentils,604.05,"Grain, Seed, Fiber Crops"
247,2021.0,Lentils,1001.97,"Grain, Seed, Fiber Crops"
248,2022.0,Lentils,1484.64,"Grain, Seed, Fiber Crops"
249,2023.0,Lentils,1449.15,"Grain, Seed, Fiber Crops"
250,1974.0,Lupins,0.00,"Grain, Seed, Fiber Crops"
251,1975.0,Lupins,0.00,"Grain, Seed, Fiber Crops"
252,1976.0,Lupins,3.70,"Grain, Seed, Fiber Crops"
253,1977.0,Lupins,4.00,"Grain, Seed, Fiber Crops"
254,1978.0,Lupins,8.00,"Grain, Seed, Fiber Crops"
255,1979.0,Lupins,12.00,"Grain, Seed, Fiber Crops"
256,1980.0,Lupins,17.00,"Grain, Seed, Fiber Crops"
257,1981.0,Lupins,20.00,"Grain, Seed, Fiber Crops"
258,1982.0,Lupins,30.30,"Grain, Seed, Fiber Crops"
259,1983.0,Lupins,64.10,"Grain, Seed, Fiber Crops"
260,1984.0,Lupins,74.00,"Grain, Seed, Fiber Crops"
261,1985.0,Lupins,81.60,"Grain, Seed, Fiber Crops"
262,1986.0,Lupins,135.90,"Grain, Seed, Fiber Crops"
263,1987.0,Lupins,151.40,"Grain, Seed, Fiber Crops"
264,1988.0,Lupins,185.50,"Grain, Seed, Fiber Crops"
265,1989.0,Lupins,134.00,"Grain, Seed, Fiber Crops"
266,1990.0,Lupins,124.90,"Grain, Seed, Fiber Crops"
267,1991.0,Lupins,184.80,"Grain, Seed, Fiber Crops"
268,1992.0,Lupins,235.10,"Grain, Seed, Fiber Crops"
269,1993.0,Lupins,269.95,"Grain, Seed, Fiber Crops"
270,1994.0,Lupins,199.04,"Grain, Seed, Fiber Crops"
271,1995.0,Lupins,279.16,"Grain, Seed, Fiber Crops"
272,1996.0,Lupins,249.50,"Grain, Seed, Fiber Crops"
273,1997.0,Lupins,305.51,"Grain, Seed, Fiber Crops"
274,1998.0,Lupins,242.01,"Grain, Seed, Fiber Crops"
275,1999.0,Lupins,286.12,"Grain, Seed, Fiber Crops"
276,2000.0,Lupins,216.64,"Grain, Seed, Fiber Crops"
277,2001.0,Lupins,303.77,"Grain, Seed, Fiber Crops"
278,2002.0,Lupins,211.46,"Grain, Seed, Fiber Crops"
279,2003.0,Lupins,278.13,"Grain, Seed, Fiber Crops"
280,2004.0,Lupins,192.95,"Grain, Seed, Fiber Crops"
281,2005.0,Lupins,251.14,"Grain, Seed, Fiber Crops"
282,2006.0,Lupins,124.85,"Grain, Seed, Fiber Crops"
283,2007.0,Lupins,221.50,"Grain, Seed, Fiber Crops"
284,2008.0,Lupins,198.07,"Grain, Seed, Fiber Crops"
285,2009.0,Lupins,204.90,"Grain, Seed, Fiber Crops"
286,2010.0,Lupins,216.40,"Grain, Seed, Fiber Crops"
287,2011.0,Lupins,228.00,"Grain, Seed, Fiber Crops"
288,2012.0,Lupins,155.74,"Grain, Seed, Fiber Crops"
289,2013.0,Lupins,215.97,"Grain, Seed, Fiber Crops"
290,2014.0,Lupins,160.43,"Grain, Seed, Fiber Crops"
291,2015.0,Lupins,236.04,"Grain, Seed, Fiber Crops"
292,2016.0,Lupins,285.37,"Grain, Seed, Fiber Crops"
293,2017.0,Lupins,120.04,"Grain, Seed, Fiber Crops"
294,2018.0,Lupins,170.84,"Grain, Seed, Fiber Crops"
295,2019.0,Lupins,214.43,"Grain, Seed, Fiber Crops"
296,2020.0,Lupins,348.07,"Grain, Seed, Fiber Crops"
297,2021.0,Lupins,441.54,"Grain, Seed, Fiber Crops"
298,2022.0,Lupins,526.83,"Grain, Seed, Fiber Crops"
299,2023.0,Lupins,296.16,"Grain, Seed, Fiber Crops"
300,1974.0,Other legumes,4.76,"Grain, Seed, Fiber Crops"
301,1975.0,Other legumes,15.45,"Grain, Seed, Fiber Crops"
302,1976.0,Other legumes,6.71,"Grain, Seed, Fiber Crops"
303,1977.0,Other legumes,8.55,"Grain, Seed, Fiber Crops"
304,1978.0,Other legumes,10.25,"Grain, Seed, Fiber Crops"
305,1979.0,Other legumes,0.89,"Grain, Seed, Fiber Crops"
306,1980.0,Other legumes,2.50,"Grain, Seed, Fiber Crops"
307,1981.0,Other legumes,2.00,"Grain, Seed, Fiber Crops"
308,1982.0,Other legumes,1.40,"Grain, Seed, Fiber Crops"
309,1983.0,Other legumes,7.20,"Grain, Seed, Fiber Crops"
310,1984.0,Other legumes,8.50,"Grain, Seed, Fiber Crops"
311,1985.0,Other legumes,35.50,"Grain, Seed, Fiber Crops"
312,1986.0,Other legumes,62.20,"Grain, Seed, Fiber Crops"
313,1987.0,Other legumes,53.50,"Grain, Seed, Fiber Crops"
314,1988.0,Other legumes,185.70,"Grain, Seed, Fiber Crops"
315,1989.0,Other legumes,111.65,"Grain, Seed, Fiber Crops"
316,1990.0,Other legumes,134.28,"Grain, Seed, Fiber Crops"
317,1991.0,Other legumes,159.89,"Grain, Seed, Fiber Crops"
318,1992.0,Other legumes,157.63,"Grain, Seed, Fiber Crops"
319,1993.0,Other legumes,179.65,"Grain, Seed, Fiber Crops"
320,1994.0,Other legumes,87.89,"Grain, Seed, Fiber Crops"
321,1995.0,Other legumes,183.18,"Grain, Seed, Fiber Crops"
322,1996.0,Other legumes,183.11,"Grain, Seed, Fiber Crops"
323,1997.0,Other legumes,147.52,"Grain, Seed, Fiber Crops"
324,1998.0,Other legumes,180.10,"Grain, Seed, Fiber Crops"
325,1999.0,Other legumes,197.86,"Grain, Seed, Fiber Crops"
326,2000.0,Other legumes,227.41,"Grain, Seed, Fiber Crops"
327,2001.0,Other legumes,303.04,"Grain, Seed, Fiber Crops"
328,2002.0,Other legumes,117.91,"Grain, Seed, Fiber Crops"
329,2003.0,Other legumes,195.28,"Grain, Seed, Fiber Crops"
330,2004.0,Other legumes,139.47,"Grain, Seed, Fiber Crops"
331,2005.0,Other legumes,267.53,"Grain, Seed, Fiber Crops"
332,2006.0,Other legumes,117.07,"Grain, Seed, Fiber Crops"
333,2007.0,Other legumes,257.31,"Grain, Seed, Fiber Crops"
334,2008.0,Other legumes,158.41,"Grain, Seed, Fiber Crops"
335,2009.0,Other legumes,191.24,"Grain, Seed, Fiber Crops"
336,2010.0,Other legumes,281.40,"Grain, Seed, Fiber Crops"
337,2011.0,Other legumes,259.07,"Grain, Seed, Fiber Crops"
338,2012.0,Other legumes,360.55,"Grain, Seed, Fiber Crops"
339,2013.0,Other legumes,350.60,"Grain, Seed, Fiber Crops"
340,2014.0,Other legumes,323.63,"Grain, Seed, Fiber Crops"
341,2015.0,Other legumes,401.58,"Grain, Seed, Fiber Crops"
342,2016.0,Other legumes,432.63,"Grain, Seed, Fiber Crops"
343,2017.0,Other legumes,281.09,"Grain, Seed, Fiber Crops"
344,2018.0,Other legumes,281.43,"Grain, Seed, Fiber Crops"
345,2019.0,Other legumes,329.78,"Grain, Seed, Fiber Crops"
346,2020.0,Other legumes,596.40,"Grain, Seed, Fiber Crops"
347,2021.0,Other legumes,672.61,"Grain, Seed, Fiber Crops"
348,2022.0,Other legumes,647.16,"Grain, Seed, Fiber Crops"
349,2023.0,Other legumes,595.33,"Grain, Seed, Fiber Crops"
350,1974.0,"Grains, oilseeds and pulses",0.0,"Grain, Seed, Fiber Crops"
351,1975.0,"Grains, oilseeds and pulses",0.0,"Grain, Seed, Fiber Crops"
352,1976.0,"Grains, oilseeds and pulses",0.0,"Grain, Seed, Fiber Crops"
353,1977.0,"Grains, oilseeds and pulses",0.0,"Grain, Seed, Fiber Crops"
354,1978.0,"Grains, oilseeds and pulses",0.0,"Grain, Seed, Fiber Crops"
355,1979.0,"Grains, oilseeds and pulses",0.0,"Grain, Seed, Fiber Crops"
356,1980.0,"Grains, oilseeds and pulses",0.0,"Grain, Seed, Fiber Crops"
357,1981.0,"Grains, oilseeds and pulses",0.0,"Grain, Seed, Fiber Crops"
358,1982.0,"Grains, oilseeds and pulses",0.0,"Grain, Seed, Fiber Crops"
359,1983.0,"Grains, oilseeds and pulses",0.0,"Grain, Seed, Fiber Crops"
360,1984.0,"Grains, oilseeds and pulses",0.0,"Grain, Seed, Fiber Crops"
361,1985.0,"Grains, oilseeds and pulses",0.0,"Grain, Seed, Fiber Crops"
362,1986.0,"Grains, oilseeds and pulses",0.0,"Grain, Seed, Fiber Crops"
363,1987.0,"Grains, oilseeds and pulses",0.0,"Grain, Seed, Fiber Crops"
364,1988.0,"Grains, oilseeds and pulses",4715.05,"Grain, Seed, Fiber Crops"
365,1989.0,"Grains, oilseeds and pulses",4419.89,"Grain, Seed, Fiber Crops"
366,1990.0,"Grains, oilseeds and pulses",3437.99,"Grain, Seed, Fiber Crops"
367,1991.0,"Grains, oilseeds and pulses",4021.71,"Grain, Seed, Fiber Crops"
368,1992.0,"Grains, oilseeds and pulses",4621.04,"Grain, Seed, Fiber Crops"
369,1993.0,"Grains, oilseeds and pulses",5157.27,"Grain, Seed, Fiber Crops"
370,1994.0,"Grains, oilseeds and pulses",3994.15,"Grain, Seed, Fiber Crops"
371,1995.0,"Grains, oilseeds and pulses",7467.65,"Grain, Seed, Fiber Crops"
372,1996.0,"Grains, oilseeds and pulses",8065.07,"Grain, Seed, Fiber Crops"
373,1997.0,"Grains, oilseeds and pulses",6715.09,"Grain, Seed, Fiber Crops"
374,1998.0,"Grains, oilseeds and pulses",7134.44,"Grain, Seed, Fiber Crops"
375,1999.0,"Grains, oilseeds and pulses",8079.68,"Grain, Seed, Fiber Crops"
376,2000.0,"Grains, oilseeds and pulses",8697.90,"Grain, Seed, Fiber Crops"
377,2001.0,"Grains, oilseeds and pulses",10872.52,"Grain, Seed, Fiber Crops"
378,2002.0,"Grains, oilseeds and pulses",5467.25,"Grain, Seed, Fiber Crops"
379,2003.0,"Grains, oilseeds and pulses",9835.99,"Grain, Seed, Fiber Crops"
380,2004.0,"Grains, oilseeds and pulses",7359.09,"Grain, Seed, Fiber Crops"
381,2005.0,"Grains, oilseeds and pulses",8828.55,"Grain, Seed, Fiber Crops"
382,2006.0,"Grains, oilseeds and pulses",5064.35,"Grain, Seed, Fiber Crops"
383,2007.0,"Grains, oilseeds and pulses",10753.97,"Grain, Seed, Fiber Crops"
384,2008.0,"Grains, oilseeds and pulses",10746.32,"Grain, Seed, Fiber Crops"
385,2009.0,"Grains, oilseeds and pulses",8660.36,"Grain, Seed, Fiber Crops"
386,2010.0,"Grains, oilseeds and pulses",12147.70,"Grain, Seed, Fiber Crops"
387,2011.0,"Grains, oilseeds and pulses",12465.56,"Grain, Seed, Fiber Crops"
388,2012.0,"Grains, oilseeds and pulses",13926.90,"Grain, Seed, Fiber Crops"
389,2013.0,"Grains, oilseeds and pulses",14799.69,"Grain, Seed, Fiber Crops"
390,2014.0,"Grains, oilseeds and pulses",13943.21,"Grain, Seed, Fiber Crops"
391,2015.0,"Grains, oilseeds and pulses",12696.54,"Grain, Seed, Fiber Crops"
392,2016.0,"Grains, oilseeds and pulses",16713.64,"Grain, Seed, Fiber Crops"
393,2017.0,"Grains, oilseeds and pulses",12500.46,"Grain, Seed, Fiber Crops"
394,2018.0,"Grains, oilseeds and pulses",12508.94,"Grain, Seed, Fiber Crops"
395,2019.0,"Grains, oilseeds and pulses",11163.58,"Grain, Seed, Fiber Crops"
396,2020.0,"Grains, oilseeds and pulses",20090.31,"Grain, Seed, Fiber Crops"
397,2021.0,"Grains, oilseeds and pulses",28485.30,"Grain, Seed, Fiber Crops"
398,2022.0,"Grains, oilseeds and pulses",33358.34,"Grain, Seed, Fiber Crops"
399,2023.0,"Grains, oilseeds and pulses",21929.88,"Grain, Seed, Fiber Crops"
400,1974.0,Cotton lint,29.27,"Grain, Seed, Fiber Crops"
401,1975.0,Cotton lint,37.53,"Grain, Seed, Fiber Crops"
402,1976.0,Cotton lint,39.77,"Grain, Seed, Fiber Crops"
403,1977.0,Cotton lint,61.16,"Grain, Seed, Fiber Crops"
404,1978.0,Cotton lint,71.36,"Grain, Seed, Fiber Crops"
405,1979.0,Cotton lint,135.30,"Grain, Seed, Fiber Crops"
406,1980.0,Cotton lint,147.20,"Grain, Seed, Fiber Crops"
407,1981.0,Cotton lint,182.00,"Grain, Seed, Fiber Crops"
408,1982.0,Cotton lint,167.50,"Grain, Seed, Fiber Crops"
409,1983.0,Cotton lint,268.80,"Grain, Seed, Fiber Crops"
410,1984.0,Cotton lint,330.20,"Grain, Seed, Fiber Crops"
411,1985.0,Cotton lint,324.90,"Grain, Seed, Fiber Crops"
412,1986.0,Cotton lint,372.50,"Grain, Seed, Fiber Crops"
413,1987.0,Cotton lint,425.10,"Grain, Seed, Fiber Crops"
414,1988.0,Cotton lint,565.80,"Grain, Seed, Fiber Crops"
415,1989.0,Cotton lint,639.50,"Grain, Seed, Fiber Crops"
416,1990.0,Cotton lint,898.00,"Grain, Seed, Fiber Crops"
417,1991.0,Cotton lint,878.90,"Grain, Seed, Fiber Crops"
418,1992.0,Cotton lint,706.30,"Grain, Seed, Fiber Crops"
419,1993.0,Cotton lint,652.20,"Grain, Seed, Fiber Crops"
420,1994.0,Cotton lint,851.20,"Grain, Seed, Fiber Crops"
421,1995.0,Cotton lint,1002.80,"Grain, Seed, Fiber Crops"
422,1996.0,Cotton lint,1342.40,"Grain, Seed, Fiber Crops"
423,1997.0,Cotton lint,1449.22,"Grain, Seed, Fiber Crops"
424,1998.0,Cotton lint,1394.69,"Grain, Seed, Fiber Crops"
425,1999.0,Cotton lint,1568.31,"Grain, Seed, Fiber Crops"
426,2000.0,Cotton lint,1881.89,"Grain, Seed, Fiber Crops"
427,2001.0,Cotton lint,1499.44,"Grain, Seed, Fiber Crops"
428,2002.0,Cotton lint,843.96,"Grain, Seed, Fiber Crops"
429,2003.0,Cotton lint,689.10,"Grain, Seed, Fiber Crops"
430,2004.0,Cotton lint,1222.04,"Grain, Seed, Fiber Crops"
431,2005.0,Cotton lint,995.13,"Grain, Seed, Fiber Crops"
432,2006.0,Cotton lint,541.58,"Grain, Seed, Fiber Crops"
433,2007.0,Cotton lint,253.71,"Grain, Seed, Fiber Crops"
434,2008.0,Cotton lint,693.75,"Grain, Seed, Fiber Crops"
435,2009.0,Cotton lint,828.31,"Grain, Seed, Fiber Crops"
436,2010.0,Cotton lint,2072.82,"Grain, Seed, Fiber Crops"
437,2011.0,Cotton lint,2949.07,"Grain, Seed, Fiber Crops"
438,2012.0,Cotton lint,2151.79,"Grain, Seed, Fiber Crops"
439,2013.0,Cotton lint,1855.09,"Grain, Seed, Fiber Crops"
440,2014.0,Cotton lint,1183.67,"Grain, Seed, Fiber Crops"
441,2015.0,Cotton lint,1530.15,"Grain, Seed, Fiber Crops"
442,2016.0,Cotton lint,1934.16,"Grain, Seed, Fiber Crops"
443,2017.0,Cotton lint,2795.64,"Grain, Seed, Fiber Crops"
444,2018.0,Cotton lint,1322.03,"Grain, Seed, Fiber Crops"
445,2019.0,Cotton lint,250.83,"Grain, Seed, Fiber Crops"
446,2020.0,Cotton lint,1572.97,"Grain, Seed, Fiber Crops"
447,2021.0,Cotton lint,4204.80,"Grain, Seed, Fiber Crops"
448,2022.0,Cotton lint,3680.76,"Grain, Seed, Fiber Crops"
449,2023.0,Cotton lint,3125.64,"Grain, Seed, Fiber Crops"
450,1974.0,Sugar cane,490.70,"Grain, Seed, Fiber Crops"
451,1975.0,Sugar cane,435.55,"Grain, Seed, Fiber Crops"
452,1976.0,Sugar cane,472.20,"Grain, Seed, Fiber Crops"
453,1977.0,Sugar cane,420.55,"Grain, Seed, Fiber Crops"
454,1978.0,Sugar cane,396.50,"Grain, Seed, Fiber Crops"
455,1979.0,Sugar cane,548.25,"Grain, Seed, Fiber Crops"
456,1980.0,Sugar cane,799.70,"Grain, Seed, Fiber Crops"
457,1981.0,Sugar cane,590.20,"Grain, Seed, Fiber Crops"
458,1982.0,Sugar cane,508.90,"Grain, Seed, Fiber Crops"
459,1983.0,Sugar cane,516.60,"Grain, Seed, Fiber Crops"
460,1984.0,Sugar cane,512.20,"Grain, Seed, Fiber Crops"
461,1985.0,Sugar cane,494.20,"Grain, Seed, Fiber Crops"
462,1986.0,Sugar cane,586.40,"Grain, Seed, Fiber Crops"
463,1987.0,Sugar cane,618.20,"Grain, Seed, Fiber Crops"
464,1988.0,Sugar cane,751.80,"Grain, Seed, Fiber Crops"
465,1989.0,Sugar cane,874.00,"Grain, Seed, Fiber Crops"
466,1990.0,Sugar cane,748.00,"Grain, Seed, Fiber Crops"
467,1991.0,Sugar cane,605.10,"Grain, Seed, Fiber Crops"
468,1992.0,Sugar cane,800.90,"Grain, Seed, Fiber Crops"
469,1993.0,Sugar cane,944.63,"Grain, Seed, Fiber Crops"
470,1994.0,Sugar cane,1207.70,"Grain, Seed, Fiber Crops"
471,1995.0,Sugar cane,1168.71,"Grain, Seed, Fiber Crops"
472,1996.0,Sugar cane,1186.43,"Grain, Seed, Fiber Crops"
473,1997.0,Sugar cane,1247.74,"Grain, Seed, Fiber Crops"
474,1998.0,Sugar cane,1044.11,"Grain, Seed, Fiber Crops"
475,1999.0,Sugar cane,881.90,"Grain, Seed, Fiber Crops"
476,2000.0,Sugar cane,656.70,"Grain, Seed, Fiber Crops"
477,2001.0,Sugar cane,989.08,"Grain, Seed, Fiber Crops"
478,2002.0,Sugar cane,1018.94,"Grain, Seed, Fiber Crops"
479,2003.0,Sugar cane,854.06,"Grain, Seed, Fiber Crops"
480,2004.0,Sugar cane,979.54,"Grain, Seed, Fiber Crops"
481,2005.0,Sugar cane,1031.81,"Grain, Seed, Fiber Crops"
482,2006.0,Sugar cane,1221.41,"Grain, Seed, Fiber Crops"
483,2007.0,Sugar cane,861.04,"Grain, Seed, Fiber Crops"
484,2008.0,Sugar cane,1020.80,"Grain, Seed, Fiber Crops"
485,2009.0,Sugar cane,1381.70,"Grain, Seed, Fiber Crops"
486,2010.0,Sugar cane,950.21,"Grain, Seed, Fiber Crops"
487,2011.0,Sugar cane,1127.56,"Grain, Seed, Fiber Crops"
488,2012.0,Sugar cane,1118.39,"Grain, Seed, Fiber Crops"
489,2013.0,Sugar cane,1226.20,"Grain, Seed, Fiber Crops"
490,2014.0,Sugar cane,1304.65,"Grain, Seed, Fiber Crops"
491,2015.0,Sugar cane,1283.23,"Grain, Seed, Fiber Crops"
492,2016.0,Sugar cane,1624.46,"Grain, Seed, Fiber Crops"
493,2017.0,Sugar cane,1319.46,"Grain, Seed, Fiber Crops"
494,2018.0,Sugar cane,1265.05,"Grain, Seed, Fiber Crops"
495,2019.0,Sugar cane,1253.35,"Grain, Seed, Fiber Crops"
496,2020.0,Sugar cane,1284.58,"Grain, Seed, Fiber Crops"
497,2021.0,Sugar cane,1377.09,"Grain, Seed, Fiber Crops"
498,2022.0,Sugar cane,2011.06,"Grain, Seed, Fiber Crops"
499,2023.0,Sugar cane,2242.04,"Grain, Seed, Fiber Crops"
500,1974.0,Wine grapes,55.21,Fruits and Vegetables
501,1975.0,Wine grapes,57.51,Fruits and Vegetables
502,1976.0,Wine grapes,62.81,Fruits and Vegetables
503,1977.0,Wine grapes,60.09,Fruits and Vegetables
504,1978.0,Wine grapes,70.13,Fruits and Vegetables
505,1979.0,Wine grapes,80.80,Fruits and Vegetables
506,1980.0,Wine grapes,83.40,Fruits and Vegetables
507,1981.0,Wine grapes,93.90,Fruits and Vegetables
508,1982.0,Wine grapes,89.10,Fruits and Vegetables
509,1983.0,Wine grapes,115.00,Fruits and Vegetables
510,1984.0,Wine grapes,133.50,Fruits and Vegetables
511,1985.0,Wine grapes,111.60,Fruits and Vegetables
512,1986.0,Wine grapes,112.60,Fruits and Vegetables
513,1987.0,Wine grapes,174.00,Fruits and Vegetables
514,1988.0,Wine grapes,281.00,Fruits and Vegetables
515,1989.0,Wine grapes,238.00,Fruits and Vegetables
516,1990.0,Wine grapes,171.60,Fruits and Vegetables
517,1991.0,Wine grapes,228.30,Fruits and Vegetables
518,1992.0,Wine grapes,215.60,Fruits and Vegetables
519,1993.0,Wine grapes,288.75,Fruits and Vegetables
520,1994.0,Wine grapes,358.35,Fruits and Vegetables
521,1995.0,Wine grapes,503.01,Fruits and Vegetables
522,1996.0,Wine grapes,531.77,Fruits and Vegetables
523,1997.0,Wine grapes,765.56,Fruits and Vegetables
524,1998.0,Wine grapes,973.54,Fruits and Vegetables
525,1999.0,Wine grapes,902.99,Fruits and Vegetables
526,2000.0,Wine grapes,1306.52,Fruits and Vegetables
527,2001.0,Wine grapes,1285.87,Fruits and Vegetables
528,2002.0,Wine grapes,1145.49,Fruits and Vegetables
529,2003.0,Wine grapes,1491.10,Fruits and Vegetables
530,2004.0,Wine grapes,1288.63,Fruits and Vegetables
531,2005.0,Wine grapes,1083.08,Fruits and Vegetables
532,2006.0,Wine grapes,872.39,Fruits and Vegetables
533,2007.0,Wine grapes,1492.01,Fruits and Vegetables
534,2008.0,Wine grapes,927.27,Fruits and Vegetables
535,2009.0,Wine grapes,711.43,Fruits and Vegetables
536,2010.0,Wine grapes,711.60,Fruits and Vegetables
537,2011.0,Wine grapes,724.58,Fruits and Vegetables
538,2012.0,Wine grapes,857.96,Fruits and Vegetables
539,2013.0,Wine grapes,671.88,Fruits and Vegetables
540,2014.0,Wine grapes,764.76,Fruits and Vegetables
541,2015.0,Wine grapes,880.51,Fruits and Vegetables
542,2016.0,Wine grapes,970.64,Fruits and Vegetables
543,2017.0,Wine grapes,942.45,Fruits and Vegetables
544,2018.0,Wine grapes,961.27,Fruits and Vegetables
545,2019.0,Wine grapes,923.56,Fruits and Vegetables
546,2020.0,Wine grapes,1224.05,Fruits and Vegetables
547,2021.0,Wine grapes,1031.50,Fruits and Vegetables
548,2022.0,Wine grapes,843.98,Fruits and Vegetables
549,2023.0,Wine grapes,874.76,Fruits and Vegetables
600,1974.0,Table grapes,46.18,Fruits and Vegetables
601,1975.0,Table grapes,44.76,Fruits and Vegetables
602,1976.0,Table grapes,65.64,Fruits and Vegetables
603,1977.0,Table grapes,81.53,Fruits and Vegetables
604,1978.0,Table grapes,79.92,Fruits and Vegetables
605,1979.0,Table grapes,150.30,Fruits and Vegetables
606,1980.0,Table grapes,94.80,Fruits and Vegetables
607,1981.0,Table grapes,128.90,Fruits and Vegetables
608,1982.0,Table grapes,123.30,Fruits and Vegetables
609,1983.0,Table grapes,102.00,Fruits and Vegetables
610,1984.0,Table grapes,125.90,Fruits and Vegetables
611,1985.0,Table grapes,158.40,Fruits and Vegetables
612,1986.0,Table grapes,150.30,Fruits and Vegetables
613,1987.0,Table grapes,175.60,Fruits and Vegetables
614,1988.0,Table grapes,154.40,Fruits and Vegetables
615,1989.0,Table grapes,154.30,Fruits and Vegetables
616,1990.0,Table grapes,190.40,Fruits and Vegetables
617,1991.0,Table grapes,223.70,Fruits and Vegetables
618,1992.0,Table grapes,169.20,Fruits and Vegetables
619,1993.0,Table grapes,161.30,Fruits and Vegetables
620,1994.0,Table grapes,152.70,Fruits and Vegetables
621,1995.0,Table grapes,211.40,Fruits and Vegetables
622,1996.0,Table grapes,189.60,Fruits and Vegetables
623,1997.0,Table grapes,232.60,Fruits and Vegetables
624,1998.0,Table grapes,226.60,Fruits and Vegetables
625,1999.0,Table grapes,215.20,Fruits and Vegetables
626,2000.0,Table grapes,211.00,Fruits and Vegetables
627,2001.0,Table grapes,203.31,Fruits and Vegetables
628,2002.0,Table grapes,192.28,Fruits and Vegetables
629,2003.0,Table grapes,166.00,Fruits and Vegetables
630,2004.0,Table grapes,220.00,Fruits and Vegetables
631,2005.0,Table grapes,205.80,Fruits and Vegetables
632,2006.0,Table grapes,239.80,Fruits and Vegetables
633,2007.0,Table grapes,201.60,Fruits and Vegetables
634,2008.0,Table grapes,285.73,Fruits and Vegetables
635,2009.0,Table grapes,398.07,Fruits and Vegetables
636,2010.0,Table grapes,301.80,Fruits and Vegetables
637,2011.0,Table grapes,316.02,Fruits and Vegetables
638,2012.0,Table grapes,303.34,Fruits and Vegetables
639,2013.0,Table grapes,331.08,Fruits and Vegetables
640,2014.0,Table grapes,343.33,Fruits and Vegetables
641,2015.0,Table grapes,453.42,Fruits and Vegetables
642,2016.0,Table grapes,504.20,Fruits and Vegetables
643,2017.0,Table grapes,454.83,Fruits and Vegetables
644,2018.0,Table grapes,496.69,Fruits and Vegetables
645,2019.0,Table grapes,586.32,Fruits and Vegetables
646,2020.0,Table grapes,578.22,Fruits and Vegetables
647,2021.0,Table grapes,741.99,Fruits and Vegetables
648,2022.0,Table grapes,948.20,Fruits and Vegetables
649,2023.0,Table grapes,1009.82,Fruits and Vegetables
650,1974.0,Fruit (excluding grapes),266.54,Fruits and Vegetables
651,1975.0,Fruit (excluding grapes),268.68,Fruits and Vegetables
652,1976.0,Fruit (excluding grapes),290.09,Fruits and Vegetables
653,1977.0,Fruit (excluding grapes),323.95,Fruits and Vegetables
654,1978.0,Fruit (excluding grapes),387.68,Fruits and Vegetables
655,1979.0,Fruit (excluding grapes),406.60,Fruits and Vegetables
656,1980.0,Fruit (excluding grapes),459.80,Fruits and Vegetables
657,1981.0,Fruit (excluding grapes),464.40,Fruits and Vegetables
658,1982.0,Fruit (excluding grapes),508.80,Fruits and Vegetables
659,1983.0,Fruit (excluding grapes),552.50,Fruits and Vegetables
660,1984.0,Fruit (excluding grapes),670.80,Fruits and Vegetables
661,1985.0,Fruit (excluding grapes),678.60,Fruits and Vegetables
662,1986.0,Fruit (excluding grapes),837.20,Fruits and Vegetables
663,1987.0,Fruit (excluding grapes),885.90,Fruits and Vegetables
664,1988.0,Fruit (excluding grapes),1000.20,Fruits and Vegetables
665,1989.0,Fruit (excluding grapes),1022.10,Fruits and Vegetables
666,1990.0,Fruit (excluding grapes),1059.60,Fruits and Vegetables
667,1991.0,Fruit (excluding grapes),1375.50,Fruits and Vegetables
668,1992.0,Fruit (excluding grapes),1402.90,Fruits and Vegetables
669,1993.0,Fruit (excluding grapes),1316.70,Fruits and Vegetables
670,1994.0,Fruit (excluding grapes),1426.40,Fruits and Vegetables
671,1995.0,Fruit (excluding grapes),1498.80,Fruits and Vegetables
672,1996.0,Fruit (excluding grapes),1701.20,Fruits and Vegetables
673,1997.0,Fruit (excluding grapes),1586.80,Fruits and Vegetables
674,1998.0,Fruit (excluding grapes),1763.00,Fruits and Vegetables
675,1999.0,Fruit (excluding grapes),1761.10,Fruits and Vegetables
676,2000.0,Fruit (excluding grapes),2041.50,Fruits and Vegetables
677,2001.0,Fruit (excluding grapes),2129.70,Fruits and Vegetables
678,2002.0,Fruit (excluding grapes),2216.20,Fruits and Vegetables
679,2003.0,Fruit (excluding grapes),2183.80,Fruits and Vegetables
680,2004.0,Fruit (excluding grapes),2546.90,Fruits and Vegetables
681,2005.0,Fruit (excluding grapes),2627.00,Fruits and Vegetables
682,2006.0,Fruit (excluding grapes),3499.10,Fruits and Vegetables
683,2007.0,Fruit (excluding grapes),2757.60,Fruits and Vegetables
684,2008.0,Fruit (excluding grapes),2871.00,Fruits and Vegetables
685,2009.0,Fruit (excluding grapes),2950.30,Fruits and Vegetables
686,2010.0,Fruit (excluding grapes),3012.76,Fruits and Vegetables
687,2011.0,Fruit (excluding grapes),3049.80,Fruits and Vegetables
688,2012.0,Fruit (excluding grapes),3662.38,Fruits and Vegetables
689,2013.0,Fruit (excluding grapes),3187.19,Fruits and Vegetables
690,2014.0,Fruit (excluding grapes),3512.06,Fruits and Vegetables
691,2015.0,Fruit (excluding grapes),4224.58,Fruits and Vegetables
692,2016.0,Fruit (excluding grapes),4234.06,Fruits and Vegetables
693,2017.0,Fruit (excluding grapes),4568.10,Fruits and Vegetables
694,2018.0,Fruit (excluding grapes),4981.04,Fruits and Vegetables
695,2019.0,Fruit (excluding grapes),5410.85,Fruits and Vegetables
696,2020.0,Fruit (excluding grapes),6287.43,Fruits and Vegetables
697,2021.0,Fruit (excluding grapes),6287.01,Fruits and Vegetables
698,2022.0,Fruit (excluding grapes),6092.80,Fruits and Vegetables
699,2023.0,Fruit (excluding grapes),6503.58,Fruits and Vegetables
700,1974.0,Vegetables,256.23,Fruits and Vegetables
701,1975.0,Vegetables,274.27,Fruits and Vegetables
702,1976.0,Vegetables,295.05,Fruits and Vegetables
703,1977.0,Vegetables,326.46,Fruits and Vegetables
704,1978.0,Vegetables,403.44,Fruits and Vegetables
705,1979.0,Vegetables,402.26,Fruits and Vegetables
706,1980.0,Vegetables,509.00,Fruits and Vegetables
707,1981.0,Vegetables,554.30,Fruits and Vegetables
708,1982.0,Vegetables,556.90,Fruits and Vegetables
709,1983.0,Vegetables,738.60,Fruits and Vegetables
710,1984.0,Vegetables,628.80,Fruits and Vegetables
711,1985.0,Vegetables,713.60,Fruits and Vegetables
712,1986.0,Vegetables,885.40,Fruits and Vegetables
713,1987.0,Vegetables,952.90,Fruits and Vegetables
714,1988.0,Vegetables,1197.30,Fruits and Vegetables
715,1989.0,Vegetables,1328.20,Fruits and Vegetables
716,1990.0,Vegetables,1284.90,Fruits and Vegetables
717,1991.0,Vegetables,1289.80,Fruits and Vegetables
718,1992.0,Vegetables,1248.60,Fruits and Vegetables
719,1993.0,Vegetables,1443.70,Fruits and Vegetables
720,1994.0,Vegetables,1491.60,Fruits and Vegetables
721,1995.0,Vegetables,1616.10,Fruits and Vegetables
722,1996.0,Vegetables,1662.30,Fruits and Vegetables
723,1997.0,Vegetables,1812.30,Fruits and Vegetables
724,1998.0,Vegetables,1864.40,Fruits and Vegetables
725,1999.0,Vegetables,1861.90,Fruits and Vegetables
726,2000.0,Vegetables,2182.60,Fruits and Vegetables
727,2001.0,Vegetables,2268.60,Fruits and Vegetables
728,2002.0,Vegetables,2258.10,Fruits and Vegetables
729,2003.0,Vegetables,2355.50,Fruits and Vegetables
730,2004.0,Vegetables,2133.50,Fruits and Vegetables
731,2005.0,Vegetables,2878.10,Fruits and Vegetables
732,2006.0,Vegetables,3164.60,Fruits and Vegetables
733,2007.0,Vegetables,3362.80,Fruits and Vegetables
734,2008.0,Vegetables,3012.40,Fruits and Vegetables
735,2009.0,Vegetables,3023.20,Fruits and Vegetables
736,2010.0,Vegetables,3338.20,Fruits and Vegetables
737,2011.0,Vegetables,3338.50,Fruits and Vegetables
738,2012.0,Vegetables,3769.64,Fruits and Vegetables
739,2013.0,Vegetables,3509.63,Fruits and Vegetables
740,2014.0,Vegetables,3350.34,Fruits and Vegetables
741,2015.0,Vegetables,3585.39,Fruits and Vegetables
742,2016.0,Vegetables,3903.81,Fruits and Vegetables
743,2017.0,Vegetables,4096.55,Fruits and Vegetables
744,2018.0,Vegetables,4374.23,Fruits and Vegetables
745,2019.0,Vegetables,4190.25,Fruits and Vegetables
746,2020.0,Vegetables,4779.04,Fruits and Vegetables
747,2021.0,Vegetables,5529.60,Fruits and Vegetables
748,2022.0,Vegetables,5830.40,Fruits and Vegetables
749,2023.0,Vegetables,5898.69,Fruits and Vegetables
750,1974.0,"Nurseries, cut flowers and turf",0.0,Horticulture
751,1975.0,"Nurseries, cut flowers and turf",0.0,Horticulture
752,1976.0,"Nurseries, cut flowers and turf",0.0,Horticulture
753,1977.0,"Nurseries, cut flowers and turf",0.0,Horticulture
754,1978.0,"Nurseries, cut flowers and turf",0.0,Horticulture
755,1979.0,"Nurseries, cut flowers and turf",140.60,Horticulture
756,1980.0,"Nurseries, cut flowers and turf",145.10,Horticulture
757,1981.0,"Nurseries, cut flowers and turf",157.90,Horticulture
758,1982.0,"Nurseries, cut flowers and turf",200.80,Horticulture
759,1983.0,"Nurseries, cut flowers and turf",183.90,Horticulture
760,1984.0,"Nurseries, cut flowers and turf",247.00,Horticulture
761,1985.0,"Nurseries, cut flowers and turf",290.20,Horticulture
762,1986.0,"Nurseries, cut flowers and turf",285.80,Horticulture
763,1987.0,"Nurseries, cut flowers and turf",331.50,Horticulture
764,1988.0,"Nurseries, cut flowers and turf",445.70,Horticulture
765,1989.0,"Nurseries, cut flowers and turf",444.20,Horticulture
766,1990.0,"Nurseries, cut flowers and turf",442.60,Horticulture
767,1991.0,"Nurseries, cut flowers and turf",519.00,Horticulture
768,1992.0,"Nurseries, cut flowers and turf",719.70,Horticulture
769,1993.0,"Nurseries, cut flowers and turf",868.60,Horticulture
770,1994.0,"Nurseries, cut flowers and turf",987.00,Horticulture
771,1995.0,"Nurseries, cut flowers and turf",1039.40,Horticulture
772,1996.0,"Nurseries, cut flowers and turf",1044.50,Horticulture
773,1997.0,"Nurseries, cut flowers and turf",1147.70,Horticulture
774,1998.0,"Nurseries, cut flowers and turf",1201.70,Horticulture
775,1999.0,"Nurseries, cut flowers and turf",1261.40,Horticulture
776,2000.0,"Nurseries, cut flowers and turf",1417.30,Horticulture
777,2001.0,"Nurseries, cut flowers and turf",1493.90,Horticulture
778,2002.0,"Nurseries, cut flowers and turf",1556.50,Horticulture
779,2003.0,"Nurseries, cut flowers and turf",1385.10,Horticulture
780,2004.0,"Nurseries, cut flowers and turf",1372.00,Horticulture
781,2005.0,"Nurseries, cut flowers and turf",1418.00,Horticulture
782,2006.0,"Nurseries, cut flowers and turf",1464.70,Horticulture
783,2007.0,"Nurseries, cut flowers and turf",1432.80,Horticulture
784,2008.0,"Nurseries, cut flowers and turf",1294.81,Horticulture
785,2009.0,"Nurseries, cut flowers and turf",1323.70,Horticulture
786,2010.0,"Nurseries, cut flowers and turf",1262.70,Horticulture
787,2011.0,"Nurseries, cut flowers and turf",1271.50,Horticulture
788,2012.0,"Nurseries, cut flowers and turf",1284.55,Horticulture
789,2013.0,"Nurseries, cut flowers and turf",1246.55,Horticulture
790,2014.0,"Nurseries, cut flowers and turf",1251.57,Horticulture
791,2015.0,"Nurseries, cut flowers and turf",1296.27,Horticulture
792,2016.0,"Nurseries, cut flowers and turf",1572.13,Horticulture
793,2017.0,"Nurseries, cut flowers and turf",1646.40,Horticulture
794,2018.0,"Nurseries, cut flowers and turf",1677.43,Horticulture
795,2019.0,"Nurseries, cut flowers and turf",1718.38,Horticulture
796,2020.0,"Nurseries, cut flowers and turf",1860.36,Horticulture
797,2021.0,"Nurseries, cut flowers and turf",3429.60,Horticulture
798,2022.0,"Nurseries, cut flowers and turf",3382.00,Horticulture
799,2023.0,"Nurseries, cut flowers and turf",3464.31,Horticulture
800,1974.0,Other horticulture,0.0,Horticulture
801,1975.0,Other horticulture,0.0,Horticulture
802,1976.0,Other horticulture,0.0,Horticulture
803,1977.0,Other horticulture,0.0,Horticulture
804,1978.0,Other horticulture,0.0,Horticulture
805,1979.0,Other horticulture,95.40,Horticulture
806,1980.0,Other horticulture,102.80,Horticulture
807,1981.0,Other horticulture,97.60,Horticulture
808,1982.0,Other horticulture,103.80,Horticulture
809,1983.0,Other horticulture,127.20,Horticulture
810,1984.0,Other horticulture,130.30,Horticulture
811,1985.0,Other horticulture,132.10,Horticulture
812,1986.0,Other horticulture,127.10,Horticulture
813,1987.0,Other horticulture,200.10,Horticulture
814,1988.0,Other horticulture,150.10,Horticulture
815,1989.0,Other horticulture,157.10,Horticulture
816,1990.0,Other horticulture,164.40,Horticulture
817,1991.0,Other horticulture,196.80,Horticulture
818,1992.0,Other horticulture,251.60,Horticulture
819,1993.0,Other horticulture,245.80,Horticulture
820,1994.0,Other horticulture,240.10,Horticulture
821,1995.0,Other horticulture,251.40,Horticulture
822,1996.0,Other horticulture,183.36,Horticulture
823,1997.0,Other horticulture,198.24,Horticulture
824,1998.0,Other horticulture,208.49,Horticulture
825,1999.0,Other horticulture,319.17,Horticulture
826,2000.0,Other horticulture,361.52,Horticulture
827,2001.0,Other horticulture,536.10,Horticulture
828,2002.0,Other horticulture,430.60,Horticulture
829,2003.0,Other horticulture,358.30,Horticulture
830,2004.0,Other horticulture,399.50,Horticulture
831,2005.0,Other horticulture,373.30,Horticulture
832,2006.0,Other horticulture,299.80,Horticulture
833,2007.0,Other horticulture,310.00,Horticulture
834,2008.0,Other horticulture,427.13,Horticulture
835,2009.0,Other horticulture,442.50,Horticulture
836,2010.0,Other horticulture,368.00,Horticulture
837,2011.0,Other horticulture,358.20,Horticulture
838,2012.0,Other horticulture,250.70,Horticulture
839,2013.0,Other horticulture,232.60,Horticulture
840,2014.0,Other horticulture,231.80,Horticulture
841,2015.0,Other horticulture,241.00,Horticulture
842,2016.0,Other horticulture,245.12,Horticulture
843,2017.0,Other horticulture,249.11,Horticulture
844,2018.0,Other horticulture,253.07,Horticulture
845,2019.0,Other horticulture,257.03,Horticulture
846,2020.0,Other horticulture,261.03,Horticulture
847,2021.0,Other horticulture,265.03,Horticulture
848,2022.0,Other horticulture,279.02,Horticulture
849,2023.0,Other horticulture,284.60,Horticulture
900,1974.0,Other crops,169.89,"Grain, Seed, Fiber Crops"
901,1975.0,Other crops,154.47,"Grain, Seed, Fiber Crops"
902,1976.0,Other crops,178.67,"Grain, Seed, Fiber Crops"
903,1977.0,Other crops,153.69,"Grain, Seed, Fiber Crops"
904,1978.0,Other crops,201.48,"Grain, Seed, Fiber Crops"
905,1979.0,Other crops,215.63,"Grain, Seed, Fiber Crops"
906,1980.0,Other crops,298.40,"Grain, Seed, Fiber Crops"
907,1981.0,Other crops,390.80,"Grain, Seed, Fiber Crops"
908,1982.0,Other crops,417.00,"Grain, Seed, Fiber Crops"
909,1983.0,Other crops,633.60,"Grain, Seed, Fiber Crops"
910,1984.0,Other crops,301.80,"Grain, Seed, Fiber Crops"
911,1985.0,Other crops,392.80,"Grain, Seed, Fiber Crops"
912,1986.0,Other crops,498.40,"Grain, Seed, Fiber Crops"
913,1987.0,Other crops,485.50,"Grain, Seed, Fiber Crops"
914,1988.0,Other crops,596.10,"Grain, Seed, Fiber Crops"
915,1989.0,Other crops,599.30,"Grain, Seed, Fiber Crops"
916,1990.0,Other crops,694.30,"Grain, Seed, Fiber Crops"
917,1991.0,Other crops,811.60,"Grain, Seed, Fiber Crops"
918,1992.0,Other crops,723.90,"Grain, Seed, Fiber Crops"
919,1993.0,Other crops,705.20,"Grain, Seed, Fiber Crops"
920,1994.0,Other crops,799.60,"Grain, Seed, Fiber Crops"
921,1995.0,Other crops,964.50,"Grain, Seed, Fiber Crops"
922,1996.0,Other crops,633.20,"Grain, Seed, Fiber Crops"
923,1997.0,Other crops,826.90,"Grain, Seed, Fiber Crops"
924,1998.0,Other crops,916.10,"Grain, Seed, Fiber Crops"
925,1999.0,Other crops,777.20,"Grain, Seed, Fiber Crops"
926,2000.0,Other crops,976.40,"Grain, Seed, Fiber Crops"
927,2001.0,Other crops,1001.50,"Grain, Seed, Fiber Crops"
928,2002.0,Other crops,1311.80,"Grain, Seed, Fiber Crops"
929,2003.0,Other crops,1747.60,"Grain, Seed, Fiber Crops"
930,2004.0,Other crops,1257.40,"Grain, Seed, Fiber Crops"
931,2005.0,Other crops,1610.70,"Grain, Seed, Fiber Crops"
932,2006.0,Other crops,1780.60,"Grain, Seed, Fiber Crops"
933,2007.0,Other crops,2980.90,"Grain, Seed, Fiber Crops"
934,2008.0,Other crops,1635.60,"Grain, Seed, Fiber Crops"
935,2009.0,Other crops,1626.70,"Grain, Seed, Fiber Crops"
936,2010.0,Other crops,1170.90,"Grain, Seed, Fiber Crops"
937,2011.0,Other crops,973.00,"Grain, Seed, Fiber Crops"
938,2012.0,Other crops,1244.90,"Grain, Seed, Fiber Crops"
939,2013.0,Other crops,1489.80,"Grain, Seed, Fiber Crops"
940,2014.0,Other crops,1537.59,"Grain, Seed, Fiber Crops"
941,2015.0,Other crops,1600.00,"Grain, Seed, Fiber Crops"
942,2016.0,Other crops,1845.18,"Grain, Seed, Fiber Crops"
943,2017.0,Other crops,1253.75,"Grain, Seed, Fiber Crops"
944,2018.0,Other crops,2161.20,"Grain, Seed, Fiber Crops"
945,2019.0,Other crops,2745.51,"Grain, Seed, Fiber Crops"
946,2020.0,Other crops,2340.30,"Grain, Seed, Fiber Crops"
947,2021.0,Other crops,1829.88,"Grain, Seed, Fiber Crops"
948,2022.0,Other crops,2018.92,"Grain, Seed, Fiber Crops"
949,2023.0,Other crops,2448.48,"Grain, Seed, Fiber Crops"
1000,1974.0,Cattle slaughtered,0.0,Slaughtered Animals
1001,1975.0,Cattle slaughtered,0.0,Slaughtered Animals
1002,1976.0,Cattle slaughtered,1010.19,Slaughtered Animals
1003,1977.0,Cattle slaughtered,1176.25,Slaughtered Animals
1004,1978.0,Cattle slaughtered,2153.32,Slaughtered Animals
1005,1979.0,Cattle slaughtered,2384.17,Slaughtered Animals
1006,1980.0,Cattle slaughtered,2054.82,Slaughtered Animals
1007,1981.0,Cattle slaughtered,1888.66,Slaughtered Animals
1008,1982.0,Cattle slaughtered,2072.97,Slaughtered Animals
1009,1983.0,Cattle slaughtered,2110.45,Slaughtered Animals
1010,1984.0,Cattle slaughtered,2238.77,Slaughtered Animals
1011,1985.0,Cattle slaughtered,2363.64,Slaughtered Animals
1012,1986.0,Cattle slaughtered,2790.27,Slaughtered Animals
1013,1987.0,Cattle slaughtered,3014.50,Slaughtered Animals
1014,1988.0,Cattle slaughtered,3129.60,Slaughtered Animals
1015,1989.0,Cattle slaughtered,3808.90,Slaughtered Animals
1016,1990.0,Cattle slaughtered,3805.56,Slaughtered Animals
1017,1991.0,Cattle slaughtered,3726.00,Slaughtered Animals
1018,1992.0,Cattle slaughtered,3758.24,Slaughtered Animals
1019,1993.0,Cattle slaughtered,4308.98,Slaughtered Animals
1020,1994.0,Cattle slaughtered,3997.98,Slaughtered Animals
1021,1995.0,Cattle slaughtered,3207.51,Slaughtered Animals
1022,1996.0,Cattle slaughtered,3151.94,Slaughtered Animals
1023,1997.0,Cattle slaughtered,3785.85,Slaughtered Animals
1024,1998.0,Cattle slaughtered,4125.63,Slaughtered Animals
1025,1999.0,Cattle slaughtered,4609.06,Slaughtered Animals
1026,2000.0,Cattle slaughtered,5932.92,Slaughtered Animals
1027,2001.0,Cattle slaughtered,6581.07,Slaughtered Animals
1028,2002.0,Cattle slaughtered,5803.60,Slaughtered Animals
1029,2003.0,Cattle slaughtered,6197.56,Slaughtered Animals
1030,2004.0,Cattle slaughtered,7364.83,Slaughtered Animals
1031,2005.0,Cattle slaughtered,7280.95,Slaughtered Animals
1032,2006.0,Cattle slaughtered,7490.98,Slaughtered Animals
1033,2007.0,Cattle slaughtered,6812.63,Slaughtered Animals
1034,2008.0,Cattle slaughtered,6805.69,Slaughtered Animals
1035,2009.0,Cattle slaughtered,6566.65,Slaughtered Animals
1036,2010.0,Cattle slaughtered,7164.15,Slaughtered Animals
1037,2011.0,Cattle slaughtered,7133.70,Slaughtered Animals
1038,2012.0,Cattle slaughtered,7136.20,Slaughtered Animals
1039,2013.0,Cattle slaughtered,7494.88,Slaughtered Animals
1040,2014.0,Cattle slaughtered,10167.29,Slaughtered Animals
1041,2015.0,Cattle slaughtered,11535.76,Slaughtered Animals
1042,2016.0,Cattle slaughtered,10940.30,Slaughtered Animals
1043,2017.0,Cattle slaughtered,10752.04,Slaughtered Animals
1044,2018.0,Cattle slaughtered,11183.63,Slaughtered Animals
1045,2019.0,Cattle slaughtered,12693.11,Slaughtered Animals
1046,2020.0,Cattle slaughtered,11958.63,Slaughtered Animals
1047,2021.0,Cattle slaughtered,14133.10,Slaughtered Animals
1048,2022.0,Cattle slaughtered,13903.92,Slaughtered Animals
1049,2023.0,Cattle slaughtered,12860.34,Slaughtered Animals
1050,1974.0,Sheep slaughtered,38.68,Slaughtered Animals
1051,1975.0,Sheep slaughtered,47.59,Slaughtered Animals
1052,1976.0,Sheep slaughtered,85.05,Slaughtered Animals
1053,1977.0,Sheep slaughtered,87.34,Slaughtered Animals
1054,1978.0,Sheep slaughtered,113.93,Slaughtered Animals
1055,1979.0,Sheep slaughtered,179.02,Slaughtered Animals
1056,1980.0,Sheep slaughtered,208.67,Slaughtered Animals
1057,1981.0,Sheep slaughtered,141.14,Slaughtered Animals
1058,1982.0,Sheep slaughtered,93.88,Slaughtered Animals
1059,1983.0,Sheep slaughtered,69.30,Slaughtered Animals
1060,1984.0,Sheep slaughtered,71.05,Slaughtered Animals
1061,1985.0,Sheep slaughtered,77.38,Slaughtered Animals
1062,1986.0,Sheep slaughtered,121.06,Slaughtered Animals
1063,1987.0,Sheep slaughtered,168.29,Slaughtered Animals
1064,1988.0,Sheep slaughtered,150.18,Slaughtered Animals
1065,1989.0,Sheep slaughtered,89.82,Slaughtered Animals
1066,1990.0,Sheep slaughtered,29.30,Slaughtered Animals
1067,1991.0,Sheep slaughtered,71.44,Slaughtered Animals
1068,1992.0,Sheep slaughtered,120.17,Slaughtered Animals
1069,1993.0,Sheep slaughtered,154.45,Slaughtered Animals
1070,1994.0,Sheep slaughtered,179.06,Slaughtered Animals
1071,1995.0,Sheep slaughtered,222.64,Slaughtered Animals
1072,1996.0,Sheep slaughtered,215.84,Slaughtered Animals
1073,1997.0,Sheep slaughtered,298.50,Slaughtered Animals
1074,1998.0,Sheep slaughtered,226.63,Slaughtered Animals
1075,1999.0,Sheep slaughtered,204.57,Slaughtered Animals
1076,2000.0,Sheep slaughtered,367.65,Slaughtered Animals
1077,2001.0,Sheep slaughtered,544.46,Slaughtered Animals
1078,2002.0,Sheep slaughtered,467.74,Slaughtered Animals
1079,2003.0,Sheep slaughtered,454.25,Slaughtered Animals
1080,2004.0,Sheep slaughtered,417.78,Slaughtered Animals
1081,2005.0,Sheep slaughtered,443.64,Slaughtered Animals
1082,2006.0,Sheep slaughtered,380.03,Slaughtered Animals
1083,2007.0,Sheep slaughtered,400.09,Slaughtered Animals
1084,2008.0,Sheep slaughtered,427.77,Slaughtered Animals
1085,2009.0,Sheep slaughtered,498.50,Slaughtered Animals
1086,2010.0,Sheep slaughtered,484.49,Slaughtered Animals
1087,2011.0,Sheep slaughtered,419.39,Slaughtered Animals
1088,2012.0,Sheep slaughtered,328.79,Slaughtered Animals
1089,2013.0,Sheep slaughtered,513.04,Slaughtered Animals
1090,2014.0,Sheep slaughtered,650.23,Slaughtered Animals
1091,2015.0,Sheep slaughtered,535.18,Slaughtered Animals
1092,2016.0,Sheep slaughtered,614.75,Slaughtered Animals
1093,2017.0,Sheep slaughtered,768.83,Slaughtered Animals
1094,2018.0,Sheep slaughtered,904.80,Slaughtered Animals
1095,2019.0,Sheep slaughtered,1043.86,Slaughtered Animals
1096,2020.0,Sheep slaughtered,692.28,Slaughtered Animals
1097,2021.0,Sheep slaughtered,847.85,Slaughtered Animals
1098,2022.0,Sheep slaughtered,780.73,Slaughtered Animals
1099,2023.0,Sheep slaughtered,438.07,Slaughtered Animals
1100,1974.0,Lambs slaughtered,123.12,Slaughtered Animals
1101,1975.0,Lambs slaughtered,136.61,Slaughtered Animals
1102,1976.0,Lambs slaughtered,163.35,Slaughtered Animals
1103,1977.0,Lambs slaughtered,164.56,Slaughtered Animals
1104,1978.0,Lambs slaughtered,198.57,Slaughtered Animals
1105,1979.0,Lambs slaughtered,316.28,Slaughtered Animals
1106,1980.0,Lambs slaughtered,339.23,Slaughtered Animals
1107,1981.0,Lambs slaughtered,330.56,Slaughtered Animals
1108,1982.0,Lambs slaughtered,278.12,Slaughtered Animals
1109,1983.0,Lambs slaughtered,274.80,Slaughtered Animals
1110,1984.0,Lambs slaughtered,245.95,Slaughtered Animals
1111,1985.0,Lambs slaughtered,285.22,Slaughtered Animals
1112,1986.0,Lambs slaughtered,403.14,Slaughtered Animals
1113,1987.0,Lambs slaughtered,414.61,Slaughtered Animals
1114,1988.0,Lambs slaughtered,392.12,Slaughtered Animals
1115,1989.0,Lambs slaughtered,393.46,Slaughtered Animals
1116,1990.0,Lambs slaughtered,298.39,Slaughtered Animals
1117,1991.0,Lambs slaughtered,308.68,Slaughtered Animals
1118,1992.0,Lambs slaughtered,438.70,Slaughtered Animals
1119,1993.0,Lambs slaughtered,493.73,Slaughtered Animals
1120,1994.0,Lambs slaughtered,473.45,Slaughtered Animals
1121,1995.0,Lambs slaughtered,586.15,Slaughtered Animals
1122,1996.0,Lambs slaughtered,636.82,Slaughtered Animals
1123,1997.0,Lambs slaughtered,574.43,Slaughtered Animals
1124,1998.0,Lambs slaughtered,645.20,Slaughtered Animals
1125,1999.0,Lambs slaughtered,668.58,Slaughtered Animals
1126,2000.0,Lambs slaughtered,776.50,Slaughtered Animals
1127,2001.0,Lambs slaughtered,1181.43,Slaughtered Animals
1128,2002.0,Lambs slaughtered,1160.93,Slaughtered Animals
1129,2003.0,Lambs slaughtered,1318.10,Slaughtered Animals
1130,2004.0,Lambs slaughtered,1327.00,Slaughtered Animals
1131,2005.0,Lambs slaughtered,1377.61,Slaughtered Animals
1132,2006.0,Lambs slaughtered,1387.17,Slaughtered Animals
1133,2007.0,Lambs slaughtered,1481.37,Slaughtered Animals
1134,2008.0,Lambs slaughtered,1725.33,Slaughtered Animals
1135,2009.0,Lambs slaughtered,1831.77,Slaughtered Animals
1136,2010.0,Lambs slaughtered,2029.42,Slaughtered Animals
1137,2011.0,Lambs slaughtered,2135.64,Slaughtered Animals
1138,2012.0,Lambs slaughtered,1696.08,Slaughtered Animals
1139,2013.0,Lambs slaughtered,1943.23,Slaughtered Animals
1140,2014.0,Lambs slaughtered,2401.34,Slaughtered Animals
1141,2015.0,Lambs slaughtered,2476.75,Slaughtered Animals
1142,2016.0,Lambs slaughtered,2717.27,Slaughtered Animals
1143,2017.0,Lambs slaughtered,2943.11,Slaughtered Animals
1144,2018.0,Lambs slaughtered,3151.22,Slaughtered Animals
1145,2019.0,Lambs slaughtered,3635.56,Slaughtered Animals
1146,2020.0,Lambs slaughtered,3547.26,Slaughtered Animals
1147,2021.0,Lambs slaughtered,3997.16,Slaughtered Animals
1148,2022.0,Lambs slaughtered,3698.66,Slaughtered Animals
1149,2023.0,Lambs slaughtered,3887.37,Slaughtered Animals
1150,1974.0,Pigs slaughtered,177.74,Slaughtered Animals
1151,1975.0,Pigs slaughtered,183.30,Slaughtered Animals
1152,1976.0,Pigs slaughtered,197.40,Slaughtered Animals
1153,1977.0,Pigs slaughtered,212.70,Slaughtered Animals
1154,1978.0,Pigs slaughtered,253.80,Slaughtered Animals
1155,1979.0,Pigs slaughtered,311.30,Slaughtered Animals
1156,1980.0,Pigs slaughtered,337.50,Slaughtered Animals
1157,1981.0,Pigs slaughtered,396.10,Slaughtered Animals
1158,1982.0,Pigs slaughtered,414.90,Slaughtered Animals
1159,1983.0,Pigs slaughtered,375.50,Slaughtered Animals
1160,1984.0,Pigs slaughtered,438.10,Slaughtered Animals
1161,1985.0,Pigs slaughtered,438.30,Slaughtered Animals
1162,1986.0,Pigs slaughtered,468.50,Slaughtered Animals
1163,1987.0,Pigs slaughtered,536.10,Slaughtered Animals
1164,1988.0,Pigs slaughtered,629.30,Slaughtered Animals
1165,1989.0,Pigs slaughtered,656.00,Slaughtered Animals
1166,1990.0,Pigs slaughtered,691.00,Slaughtered Animals
1167,1991.0,Pigs slaughtered,658.60,Slaughtered Animals
1168,1992.0,Pigs slaughtered,649.50,Slaughtered Animals
1169,1993.0,Pigs slaughtered,660.50,Slaughtered Animals
1170,1994.0,Pigs slaughtered,683.00,Slaughtered Animals
1171,1995.0,Pigs slaughtered,825.00,Slaughtered Animals
1172,1996.0,Pigs slaughtered,764.80,Slaughtered Animals
1173,1997.0,Pigs slaughtered,709.80,Slaughtered Animals
1174,1998.0,Pigs slaughtered,689.70,Slaughtered Animals
1175,1999.0,Pigs slaughtered,791.70,Slaughtered Animals
1176,2000.0,Pigs slaughtered,822.30,Slaughtered Animals
1177,2001.0,Pigs slaughtered,967.70,Slaughtered Animals
1178,2002.0,Pigs slaughtered,911.30,Slaughtered Animals
1179,2003.0,Pigs slaughtered,878.90,Slaughtered Animals
1180,2004.0,Pigs slaughtered,906.00,Slaughtered Animals
1181,2005.0,Pigs slaughtered,890.10,Slaughtered Animals
1182,2006.0,Pigs slaughtered,943.60,Slaughtered Animals
1183,2007.0,Pigs slaughtered,901.70,Slaughtered Animals
1184,2008.0,Pigs slaughtered,975.90,Slaughtered Animals
1185,2009.0,Pigs slaughtered,964.80,Slaughtered Animals
1186,2010.0,Pigs slaughtered,919.10,Slaughtered Animals
1187,2011.0,Pigs slaughtered,933.70,Slaughtered Animals
1188,2012.0,Pigs slaughtered,933.72,Slaughtered Animals
1189,2013.0,Pigs slaughtered,1081.09,Slaughtered Animals
1190,2014.0,Pigs slaughtered,1149.04,Slaughtered Animals
1191,2015.0,Pigs slaughtered,1353.10,Slaughtered Animals
1192,2016.0,Pigs slaughtered,1341.99,Slaughtered Animals
1193,2017.0,Pigs slaughtered,1145.79,Slaughtered Animals
1194,2018.0,Pigs slaughtered,1221.68,Slaughtered Animals
1195,2019.0,Pigs slaughtered,1519.08,Slaughtered Animals
1196,2020.0,Pigs slaughtered,1556.57,Slaughtered Animals
1197,2021.0,Pigs slaughtered,1565.19,Slaughtered Animals
1198,2022.0,Pigs slaughtered,1673.25,Slaughtered Animals
1199,2023.0,Pigs slaughtered,1833.76,Slaughtered Animals
1200,1974.0,Poultry slaughtered,139.80,Slaughtered Animals
1201,1975.0,Poultry slaughtered,152.90,Slaughtered Animals
1202,1976.0,Poultry slaughtered,178.30,Slaughtered Animals
1203,1977.0,Poultry slaughtered,220.00,Slaughtered Animals
1204,1978.0,Poultry slaughtered,244.20,Slaughtered Animals
1205,1979.0,Poultry slaughtered,307.20,Slaughtered Animals
1206,1980.0,Poultry slaughtered,361.40,Slaughtered Animals
1207,1981.0,Poultry slaughtered,362.70,Slaughtered Animals
1208,1982.0,Poultry slaughtered,412.70,Slaughtered Animals
1209,1983.0,Poultry slaughtered,430.20,Slaughtered Animals
1210,1984.0,Poultry slaughtered,512.60,Slaughtered Animals
1211,1985.0,Poultry slaughtered,559.10,Slaughtered Animals
1212,1986.0,Poultry slaughtered,601.70,Slaughtered Animals
1213,1987.0,Poultry slaughtered,671.20,Slaughtered Animals
1214,1988.0,Poultry slaughtered,730.30,Slaughtered Animals
1215,1989.0,Poultry slaughtered,777.90,Slaughtered Animals
1216,1990.0,Poultry slaughtered,788.30,Slaughtered Animals
1217,1991.0,Poultry slaughtered,778.00,Slaughtered Animals
1218,1992.0,Poultry slaughtered,833.50,Slaughtered Animals
1219,1993.0,Poultry slaughtered,929.30,Slaughtered Animals
1220,1994.0,Poultry slaughtered,902.00,Slaughtered Animals
1221,1995.0,Poultry slaughtered,948.10,Slaughtered Animals
1222,1996.0,Poultry slaughtered,932.00,Slaughtered Animals
1223,1997.0,Poultry slaughtered,1053.60,Slaughtered Animals
1224,1998.0,Poultry slaughtered,1018.50,Slaughtered Animals
1225,1999.0,Poultry slaughtered,1030.80,Slaughtered Animals
1226,2000.0,Poultry slaughtered,1060.20,Slaughtered Animals
1227,2001.0,Poultry slaughtered,1174.90,Slaughtered Animals
1228,2002.0,Poultry slaughtered,1280.50,Slaughtered Animals
1229,2003.0,Poultry slaughtered,1280.80,Slaughtered Animals
1230,2004.0,Poultry slaughtered,1303.70,Slaughtered Animals
1231,2005.0,Poultry slaughtered,1222.70,Slaughtered Animals
1232,2006.0,Poultry slaughtered,1294.10,Slaughtered Animals
1233,2007.0,Poultry slaughtered,1636.70,Slaughtered Animals
1234,2008.0,Poultry slaughtered,1861.50,Slaughtered Animals
1235,2009.0,Poultry slaughtered,1784.70,Slaughtered Animals
1236,2010.0,Poultry slaughtered,2077.20,Slaughtered Animals
1237,2011.0,Poultry slaughtered,2078.10,Slaughtered Animals
1238,2012.0,Poultry slaughtered,2213.78,Slaughtered Animals
1239,2013.0,Poultry slaughtered,2343.99,Slaughtered Animals
1240,2014.0,Poultry slaughtered,2609.58,Slaughtered Animals
1241,2015.0,Poultry slaughtered,2748.36,Slaughtered Animals
1242,2016.0,Poultry slaughtered,2728.95,Slaughtered Animals
1243,2017.0,Poultry slaughtered,2682.76,Slaughtered Animals
1244,2018.0,Poultry slaughtered,2774.57,Slaughtered Animals
1245,2019.0,Poultry slaughtered,2826.56,Slaughtered Animals
1246,2020.0,Poultry slaughtered,2926.55,Slaughtered Animals
1247,2021.0,Poultry slaughtered,3178.37,Slaughtered Animals
1248,2022.0,Poultry slaughtered,3670.10,Slaughtered Animals
1249,2023.0,Poultry slaughtered,4056.80,Slaughtered Animals
1250,1974.0,Goats slaughtered,0.00,Slaughtered Animals
1251,1975.0,Goats slaughtered,0.00,Slaughtered Animals
1252,1976.0,Goats slaughtered,0.00,Slaughtered Animals
1253,1977.0,Goats slaughtered,0.00,Slaughtered Animals
1254,1978.0,Goats slaughtered,0.00,Slaughtered Animals
1255,1979.0,Goats slaughtered,0.00,Slaughtered Animals
1256,1980.0,Goats slaughtered,0.00,Slaughtered Animals
1257,1981.0,Goats slaughtered,0.00,Slaughtered Animals
1258,1982.0,Goats slaughtered,0.00,Slaughtered Animals
1259,1983.0,Goats slaughtered,0.00,Slaughtered Animals
1260,1984.0,Goats slaughtered,3.40,Slaughtered Animals
1261,1985.0,Goats slaughtered,0.00,Slaughtered Animals
1262,1986.0,Goats slaughtered,0.00,Slaughtered Animals
1263,1987.0,Goats slaughtered,6.10,Slaughtered Animals
1264,1988.0,Goats slaughtered,4.60,Slaughtered Animals
1265,1989.0,Goats slaughtered,5.20,Slaughtered Animals
1266,1990.0,Goats slaughtered,3.70,Slaughtered Animals
1267,1991.0,Goats slaughtered,6.00,Slaughtered Animals
1268,1992.0,Goats slaughtered,4.60,Slaughtered Animals
1269,1993.0,Goats slaughtered,8.40,Slaughtered Animals
1270,1994.0,Goats slaughtered,13.90,Slaughtered Animals
1271,1995.0,Goats slaughtered,14.50,Slaughtered Animals
1272,1996.0,Goats slaughtered,13.50,Slaughtered Animals
1273,1997.0,Goats slaughtered,0.00,Slaughtered Animals
1274,1998.0,Goats slaughtered,0.00,Slaughtered Animals
1275,1999.0,Goats slaughtered,0.00,Slaughtered Animals
1276,2000.0,Goats slaughtered,19.68,Slaughtered Animals
1277,2001.0,Goats slaughtered,21.09,Slaughtered Animals
1278,2002.0,Goats slaughtered,25.80,Slaughtered Animals
1279,2003.0,Goats slaughtered,31.79,Slaughtered Animals
1280,2004.0,Goats slaughtered,41.46,Slaughtered Animals
1281,2005.0,Goats slaughtered,44.04,Slaughtered Animals
1282,2006.0,Goats slaughtered,41.76,Slaughtered Animals
1283,2007.0,Goats slaughtered,28.44,Slaughtered Animals
1284,2008.0,Goats slaughtered,36.41,Slaughtered Animals
1285,2009.0,Goats slaughtered,65.18,Slaughtered Animals
1286,2010.0,Goats slaughtered,90.41,Slaughtered Animals
1287,2011.0,Goats slaughtered,66.11,Slaughtered Animals
1288,2012.0,Goats slaughtered,61.80,Slaughtered Animals
1289,2013.0,Goats slaughtered,80.50,Slaughtered Animals
1290,2014.0,Goats slaughtered,120.22,Slaughtered Animals
1291,2015.0,Goats slaughtered,166.73,Slaughtered Animals
1292,2016.0,Goats slaughtered,202.22,Slaughtered Animals
1293,2017.0,Goats slaughtered,141.09,Slaughtered Animals
1294,2018.0,Goats slaughtered,128.22,Slaughtered Animals
1295,2019.0,Goats slaughtered,162.08,Slaughtered Animals
1296,2020.0,Goats slaughtered,134.09,Slaughtered Animals
1297,2021.0,Goats slaughtered,214.23,Slaughtered Animals
1298,2022.0,Goats slaughtered,133.95,Slaughtered Animals
1299,2023.0,Goats slaughtered,142.98,Slaughtered Animals
1300,1974.0,Other livestock slaughterings,0.00,Slaughtered Animals
1301,1975.0,Other livestock slaughterings,0.00,Slaughtered Animals
1302,1976.0,Other livestock slaughterings,0.00,Slaughtered Animals
1303,1977.0,Other livestock slaughterings,0.00,Slaughtered Animals
1304,1978.0,Other livestock slaughterings,0.00,Slaughtered Animals
1305,1979.0,Other livestock slaughterings,0.00,Slaughtered Animals
1306,1980.0,Other livestock slaughterings,0.00,Slaughtered Animals
1307,1981.0,Other livestock slaughterings,0.00,Slaughtered Animals
1308,1982.0,Other livestock slaughterings,0.00,Slaughtered Animals
1309,1983.0,Other livestock slaughterings,22.80,Slaughtered Animals
1310,1984.0,Other livestock slaughterings,61.40,Slaughtered Animals
1311,1985.0,Other livestock slaughterings,13.10,Slaughtered Animals
1312,1986.0,Other livestock slaughterings,16.70,Slaughtered Animals
1313,1987.0,Other livestock slaughterings,17.80,Slaughtered Animals
1314,1988.0,Other livestock slaughterings,20.90,Slaughtered Animals
1315,1989.0,Other livestock slaughterings,22.30,Slaughtered Animals
1316,1990.0,Other livestock slaughterings,16.70,Slaughtered Animals
1317,1991.0,Other livestock slaughterings,44.60,Slaughtered Animals
1318,1992.0,Other livestock slaughterings,42.80,Slaughtered Animals
1319,1993.0,Other livestock slaughterings,53.80,Slaughtered Animals
1320,1994.0,Other livestock slaughterings,45.20,Slaughtered Animals
1321,1995.0,Other livestock slaughterings,46.70,Slaughtered Animals
1322,1996.0,Other livestock slaughterings,39.90,Slaughtered Animals
1323,1997.0,Other livestock slaughterings,24.10,Slaughtered Animals
1324,1998.0,Other livestock slaughterings,17.50,Slaughtered Animals
1325,1999.0,Other livestock slaughterings,19.50,Slaughtered Animals
1326,2000.0,Other livestock slaughterings,3.22,Slaughtered Animals
1327,2001.0,Other livestock slaughterings,10.81,Slaughtered Animals
1328,2002.0,Other livestock slaughterings,10.40,Slaughtered Animals
1329,2003.0,Other livestock slaughterings,7.35,Slaughtered Animals
1330,2004.0,Other livestock slaughterings,1.03,Slaughtered Animals
1331,2005.0,Other livestock slaughterings,1.03,Slaughtered Animals
1332,2006.0,Other livestock slaughterings,1.60,Slaughtered Animals
1333,2007.0,Other livestock slaughterings,5.34,Slaughtered Animals
1334,2008.0,Other livestock slaughterings,4.18,Slaughtered Animals
1335,2009.0,Other livestock slaughterings,11.54,Slaughtered Animals
1336,2010.0,Other livestock slaughterings,21.50,Slaughtered Animals
1337,2011.0,Other livestock slaughterings,24.89,Slaughtered Animals
1338,2012.0,Other livestock slaughterings,27.01,Slaughtered Animals
1339,2013.0,Other livestock slaughterings,22.72,Slaughtered Animals
1340,2014.0,Other livestock slaughterings,24.43,Slaughtered Animals
1341,2015.0,Other livestock slaughterings,17.72,Slaughtered Animals
1342,2016.0,Other livestock slaughterings,42.03,Slaughtered Animals
1343,2017.0,Other livestock slaughterings,44.69,Slaughtered Animals
1344,2018.0,Other livestock slaughterings,47.87,Slaughtered Animals
1345,2019.0,Other livestock slaughterings,47.11,Slaughtered Animals
1346,2020.0,Other livestock slaughterings,49.17,Slaughtered Animals
1347,2021.0,Other livestock slaughterings,62.65,Slaughtered Animals
1348,2022.0,Other livestock slaughterings,69.56,Slaughtered Animals
1349,2023.0,Other livestock slaughterings,52.00,Slaughtered Animals
1350,1974.0,Live cattle,0.0,Live Animals
1351,1975.0,Live cattle,0.0,Live Animals
1352,1976.0,Live cattle,0.61,Live Animals
1353,1977.0,Live cattle,0.65,Live Animals
1354,1978.0,Live cattle,1.28,Live Animals
1355,1979.0,Live cattle,1.83,Live Animals
1356,1980.0,Live cattle,1.68,Live Animals
1357,1981.0,Live cattle,1.44,Live Animals
1358,1982.0,Live cattle,3.23,Live Animals
1359,1983.0,Live cattle,7.55,Live Animals
1360,1984.0,Live cattle,14.43,Live Animals
1361,1985.0,Live cattle,30.26,Live Animals
1362,1986.0,Live cattle,34.43,Live Animals
1363,1987.0,Live cattle,33.40,Live Animals
1364,1988.0,Live cattle,60.00,Live Animals
1365,1989.0,Live cattle,51.60,Live Animals
1366,1990.0,Live cattle,63.84,Live Animals
1367,1991.0,Live cattle,75.90,Live Animals
1368,1992.0,Live cattle,80.96,Live Animals
1369,1993.0,Live cattle,124.52,Live Animals
1370,1994.0,Live cattle,215.52,Live Animals
1371,1995.0,Live cattle,368.39,Live Animals
1372,1996.0,Live cattle,445.06,Live Animals
1373,1997.0,Live cattle,352.35,Live Animals
1374,1998.0,Live cattle,350.97,Live Animals
1375,1999.0,Live cattle,439.64,Live Animals
1376,2000.0,Live cattle,497.68,Live Animals
1377,2001.0,Live cattle,561.33,Live Animals
1378,2002.0,Live cattle,607.50,Live Animals
1379,2003.0,Live cattle,461.24,Live Animals
1380,2004.0,Live cattle,463.97,Live Animals
1381,2005.0,Live cattle,403.95,Live Animals
1382,2006.0,Live cattle,496.92,Live Animals
1383,2007.0,Live cattle,540.67,Live Animals
1384,2008.0,Live cattle,646.01,Live Animals
1385,2009.0,Live cattle,701.15,Live Animals
1386,2010.0,Live cattle,659.65,Live Animals
1387,2011.0,Live cattle,650.77,Live Animals
1388,2012.0,Live cattle,589.23,Live Animals
1389,2013.0,Live cattle,1049.04,Live Animals
1390,2014.0,Live cattle,1363.19,Live Animals
1391,2015.0,Live cattle,1551.06,Live Animals
1392,2016.0,Live cattle,1199.04,Live Animals
1393,2017.0,Live cattle,1267.71,Live Animals
1394,2018.0,Live cattle,1644.13,Live Animals
1395,2019.0,Live cattle,1877.52,Live Animals
1396,2020.0,Live cattle,1506.77,Live Animals
1397,2021.0,Live cattle,1188.31,Live Animals
1398,2022.0,Live cattle,1154.95,Live Animals
1399,2023.0,Live cattle,869.78,Live Animals
1400,1974.0,Live sheep,16.50,Live Animals
1401,1975.0,Live sheep,19.70,Live Animals
1402,1976.0,Live sheep,49.70,Live Animals
1403,1977.0,Live sheep,105.10,Live Animals
1404,1978.0,Live sheep,116.50,Live Animals
1405,1979.0,Live sheep,159.00,Live Animals
1406,1980.0,Live sheep,171.00,Live Animals
1407,1981.0,Live sheep,175.00,Live Animals
1408,1982.0,Live sheep,176.00,Live Animals
1409,1983.0,Live sheep,218.00,Live Animals
1410,1984.0,Live sheep,201.00,Live Animals
1411,1985.0,Live sheep,169.00,Live Animals
1412,1986.0,Live sheep,197.00,Live Animals
1413,1987.0,Live sheep,221.00,Live Animals
1414,1988.0,Live sheep,197.38,Live Animals
1415,1989.0,Live sheep,103.98,Live Animals
1416,1990.0,Live sheep,48.02,Live Animals
1417,1991.0,Live sheep,90.51,Live Animals
1418,1992.0,Live sheep,122.57,Live Animals
1419,1993.0,Live sheep,150.80,Live Animals
1420,1994.0,Live sheep,185.07,Live Animals
1421,1995.0,Live sheep,227.06,Live Animals
1422,1996.0,Live sheep,192.94,Live Animals
1423,1997.0,Live sheep,199.97,Live Animals
1424,1998.0,Live sheep,185.37,Live Animals
1425,1999.0,Live sheep,185.50,Live Animals
1426,2000.0,Live sheep,264.48,Live Animals
1427,2001.0,Live sheep,398.88,Live Animals
1428,2002.0,Live sheep,415.29,Live Animals
1429,2003.0,Live sheep,268.43,Live Animals
1430,2004.0,Live sheep,210.19,Live Animals
1431,2005.0,Live sheep,297.19,Live Animals
1432,2006.0,Live sheep,289.59,Live Animals
1433,2007.0,Live sheep,287.19,Live Animals
1434,2008.0,Live sheep,340.08,Live Animals
1435,2009.0,Live sheep,297.76,Live Animals
1436,2010.0,Live sheep,348.07,Live Animals
1437,2011.0,Live sheep,344.97,Live Animals
1438,2012.0,Live sheep,200.84,Live Animals
1439,2013.0,Live sheep,184.69,Live Animals
1440,2014.0,Live sheep,244.80,Live Animals
1441,2015.0,Live sheep,227.51,Live Animals
1442,2016.0,Live sheep,232.99,Live Animals
1443,2017.0,Live sheep,258.76,Live Animals
1444,2018.0,Live sheep,121.05,Live Animals
1445,2019.0,Live sheep,157.29,Live Animals
1446,2020.0,Live sheep,92.79,Live Animals
1447,2021.0,Live sheep,85.17,Live Animals
1448,2022.0,Live sheep,84.94,Live Animals
1449,2023.0,Live sheep,46.29,Live Animals
1450,1974.0,Live goats,0.0,Live Animals
1451,1975.0,Live goats,0.0,Live Animals
1452,1976.0,Live goats,0.0,Live Animals
1453,1977.0,Live goats,0.0,Live Animals
1454,1978.0,Live goats,0.0,Live Animals
1455,1979.0,Live goats,0.00,Live Animals
1456,1980.0,Live goats,0.00,Live Animals
1457,1981.0,Live goats,0.00,Live Animals
1458,1982.0,Live goats,0.00,Live Animals
1459,1983.0,Live goats,0.00,Live Animals
1460,1984.0,Live goats,0.00,Live Animals
1461,1985.0,Live goats,0.00,Live Animals
1462,1986.0,Live goats,0.00,Live Animals
1463,1987.0,Live goats,2.61,Live Animals
1464,1988.0,Live goats,4.38,Live Animals
1465,1989.0,Live goats,3.80,Live Animals
1466,1990.0,Live goats,1.91,Live Animals
1467,1991.0,Live goats,3.80,Live Animals
1468,1992.0,Live goats,0.95,Live Animals
1469,1993.0,Live goats,1.94,Live Animals
1470,1994.0,Live goats,0.93,Live Animals
1471,1995.0,Live goats,1.60,Live Animals
1472,1996.0,Live goats,3.24,Live Animals
1473,1997.0,Live goats,3.07,Live Animals
1474,1998.0,Live goats,2.81,Live Animals
1475,1999.0,Live goats,3.25,Live Animals
1476,2000.0,Live goats,4.63,Live Animals
1477,2001.0,Live goats,8.90,Live Animals
1478,2002.0,Live goats,10.70,Live Animals
1479,2003.0,Live goats,8.59,Live Animals
1480,2004.0,Live goats,4.32,Live Animals
1481,2005.0,Live goats,5.45,Live Animals
1482,2006.0,Live goats,9.86,Live Animals
1483,2007.0,Live goats,9.95,Live Animals
1484,2008.0,Live goats,10.38,Live Animals
1485,2009.0,Live goats,10.96,Live Animals
1486,2010.0,Live goats,9.67,Live Animals
1487,2011.0,Live goats,9.65,Live Animals
1488,2012.0,Live goats,7.19,Live Animals
1489,2013.0,Live goats,9.88,Live Animals
1490,2014.0,Live goats,9.61,Live Animals
1491,2015.0,Live goats,10.33,Live Animals
1492,2016.0,Live goats,4.74,Live Animals
1493,2017.0,Live goats,4.92,Live Animals
1494,2018.0,Live goats,7.18,Live Animals
1495,2019.0,Live goats,6.01,Live Animals
1496,2020.0,Live goats,7.06,Live Animals
1497,2021.0,Live goats,1.90,Live Animals
1498,2022.0,Live goats,7.05,Live Animals
1499,2023.0,Live goats,8.38,Live Animals
1500,1974.0,Other live animals,0.0,Live Animals
1501,1975.0,Other live animals,0.0,Live Animals
1502,1976.0,Other live animals,0.0,Live Animals
1503,1977.0,Other live animals,0.0,Live Animals
1504,1978.0,Other live animals,0.0,Live Animals
1505,1979.0,Other live animals,0.0,Live Animals
1506,1980.0,Other live animals,0.0,Live Animals
1507,1981.0,Other live animals,0.0,Live Animals
1508,1982.0,Other live animals,0.0,Live Animals
1509,1983.0,Other live animals,0.0,Live Animals
1510,1984.0,Other live animals,0.0,Live Animals
1511,1985.0,Other live animals,0.0,Live Animals
1512,1986.0,Other live animals,0.0,Live Animals
1513,1987.0,Other live animals,0.0,Live Animals
1514,1988.0,Other live animals,32.64,Live Animals
1515,1989.0,Other live animals,30.82,Live Animals
1516,1990.0,Other live animals,39.25,Live Animals
1517,1991.0,Other live animals,31.51,Live Animals
1518,1992.0,Other live animals,42.27,Live Animals
1519,1993.0,Other live animals,45.74,Live Animals
1520,1994.0,Other live animals,50.62,Live Animals
1521,1995.0,Other live animals,62.16,Live Animals
1522,1996.0,Other live animals,64.19,Live Animals
1523,1997.0,Other live animals,75.65,Live Animals
1524,1998.0,Other live animals,73.19,Live Animals
1525,1999.0,Other live animals,105.79,Live Animals
1526,2000.0,Other live animals,104.17,Live Animals
1527,2001.0,Other live animals,142.52,Live Animals
1528,2002.0,Other live animals,134.31,Live Animals
1529,2003.0,Other live animals,126.87,Live Animals
1530,2004.0,Other live animals,112.62,Live Animals
1531,2005.0,Other live animals,130.97,Live Animals
1532,2006.0,Other live animals,160.25,Live Animals
1533,2007.0,Other live animals,105.35,Live Animals
1534,2008.0,Other live animals,168.47,Live Animals
1535,2009.0,Other live animals,146.60,Live Animals
1536,2010.0,Other live animals,103.28,Live Animals
1537,2011.0,Other live animals,98.86,Live Animals
1538,2012.0,Other live animals,159.75,Live Animals
1539,2013.0,Other live animals,126.60,Live Animals
1540,2014.0,Other live animals,145.77,Live Animals
1541,2015.0,Other live animals,187.12,Live Animals
1542,2016.0,Other live animals,181.58,Live Animals
1543,2017.0,Other live animals,188.54,Live Animals
1544,2018.0,Other live animals,183.98,Live Animals
1545,2019.0,Other live animals,190.28,Live Animals
1546,2020.0,Other live animals,170.69,Live Animals
1547,2021.0,Other live animals,189.84,Live Animals
1548,2022.0,Other live animals,203.04,Live Animals
1549,2023.0,Other live animals,198.56,Live Animals
1600,1974.0,Wool,952.72,Animal Products
1601,1975.0,Wool,999.60,Animal Products
1602,1976.0,Wool,1172.50,Animal Products
1603,1977.0,Wool,1206.30,Animal Products
1604,1978.0,Wool,1374.50,Animal Products
1605,1979.0,Wool,1651.40,Animal Products
1606,1980.0,Wool,1669.50,Animal Products
1607,1981.0,Wool,1788.70,Animal Products
1608,1982.0,Wool,1760.90,Animal Products
1609,1983.0,Wool,2016.10,Animal Products
1610,1984.0,Wool,2434.40,Animal Products
1611,1985.0,Wool,2693.40,Animal Products
1612,1986.0,Wool,3333.60,Animal Products
1613,1987.0,Wool,5517.30,Animal Products
1614,1988.0,Wool,5906.00,Animal Products
1615,1989.0,Wool,5718.10,Animal Products
1616,1990.0,Wool,4181.00,Animal Products
1617,1991.0,Wool,2980.00,Animal Products
1618,1992.0,Wool,2568.50,Animal Products
1619,1993.0,Wool,2449.60,Animal Products
1620,1994.0,Wool,3319.30,Animal Products
1621,1995.0,Wool,2559.70,Animal Products
1622,1996.0,Wool,2621.20,Animal Products
1623,1997.0,Wool,2753.90,Animal Products
1624,1998.0,Wool,2141.00,Animal Products
1625,1999.0,Wool,2149.20,Animal Products
1626,2000.0,Wool,2541.20,Animal Products
1627,2001.0,Wool,2713.20,Animal Products
1628,2002.0,Wool,3317.80,Animal Products
1629,2003.0,Wool,2396.50,Animal Products
1630,2004.0,Wool,2165.90,Animal Products
1631,2005.0,Wool,2053.90,Animal Products
1632,2006.0,Wool,2281.60,Animal Products
1633,2007.0,Wool,2309.00,Animal Products
1634,2008.0,Wool,1805.70,Animal Products
1635,2009.0,Wool,1927.54,Animal Products
1636,2010.0,Wool,2673.10,Animal Products
1637,2011.0,Wool,2734.10,Animal Products
1638,2012.0,Wool,2471.65,Animal Products
1639,2013.0,Wool,2530.41,Animal Products
1640,2014.0,Wool,2675.93,Animal Products
1641,2015.0,Wool,2964.86,Animal Products
1642,2016.0,Wool,3457.80,Animal Products
1643,2017.0,Wool,4480.82,Animal Products
1644,2018.0,Wool,4389.57,Animal Products
1645,2019.0,Wool,2745.47,Animal Products
1646,2020.0,Wool,2644.78,Animal Products
1647,2021.0,Wool,3229.58,Animal Products
1648,2022.0,Wool,3133.30,Animal Products
1649,2023.0,Wool,2815.05,Animal Products
1650,1974.0,Milk,518.51,Animal Products
1651,1975.0,Milk,490.28,Animal Products
1652,1976.0,Milk,520.89,Animal Products
1653,1977.0,Milk,553.33,Animal Products
1654,1978.0,Milk,627.73,Animal Products
1655,1979.0,Milk,675.98,Animal Products
1656,1980.0,Milk,885.14,Animal Products
1657,1981.0,Milk,1033.90,Animal Products
1658,1982.0,Milk,1186.50,Animal Products
1659,1983.0,Milk,1153.20,Animal Products
1660,1984.0,Milk,1035.40,Animal Products
1661,1985.0,Milk,1106.70,Animal Products
1662,1986.0,Milk,1257.40,Animal Products
1663,1987.0,Milk,1390.90,Animal Products
1664,1988.0,Milk,1635.10,Animal Products
1665,1989.0,Milk,1749.00,Animal Products
1666,1990.0,Milk,1824.80,Animal Products
1667,1991.0,Milk,1960.00,Animal Products
1668,1992.0,Milk,2314.40,Animal Products
1669,1993.0,Milk,2448.00,Animal Products
1670,1994.0,Milk,2419.10,Animal Products
1671,1995.0,Milk,2848.30,Animal Products
1672,1996.0,Milk,2808.90,Animal Products
1673,1997.0,Milk,2817.00,Animal Products
1674,1998.0,Milk,2899.60,Animal Products
1675,1999.0,Milk,2972.23,Animal Products
1676,2000.0,Milk,3053.30,Animal Products
1677,2001.0,Milk,3717.10,Animal Products
1678,2002.0,Milk,2795.20,Animal Products
1679,2003.0,Milk,2808.70,Animal Products
1680,2004.0,Milk,3193.80,Animal Products
1681,2005.0,Milk,3341.30,Animal Products
1682,2006.0,Milk,3177.60,Animal Products
1683,2007.0,Milk,4571.70,Animal Products
1684,2008.0,Milk,3987.60,Animal Products
1685,2009.0,Milk,3371.30,Animal Products
1686,2010.0,Milk,3931.80,Animal Products
1687,2011.0,Milk,3986.40,Animal Products
1688,2012.0,Milk,3687.33,Animal Products
1689,2013.0,Milk,4729.42,Animal Products
1690,2014.0,Milk,4722.07,Animal Products
1691,2015.0,Milk,4282.19,Animal Products
1692,2016.0,Milk,3694.76,Animal Products
1693,2017.0,Milk,4269.52,Animal Products
1694,2018.0,Milk,4374.46,Animal Products
1695,2019.0,Milk,4828.97,Animal Products
1696,2020.0,Milk,4687.96,Animal Products
1697,2021.0,Milk,4871.89,Animal Products
1698,2022.0,Milk,6081.55,Animal Products
1699,2023.0,Milk,6030.68,Animal Products
1700,1974.0,Eggs,169.67,Animal Products
1701,1975.0,Eggs,175.31,Animal Products
1702,1976.0,Eggs,178.59,Animal Products
1703,1977.0,Eggs,196.25,Animal Products
1704,1978.0,Eggs,196.95,Animal Products
1705,1979.0,Eggs,216.10,Animal Products
1706,1980.0,Eggs,227.40,Animal Products
1707,1981.0,Eggs,253.40,Animal Products
1708,1982.0,Eggs,275.30,Animal Products
1709,1983.0,Eggs,295.20,Animal Products
1710,1984.0,Eggs,291.20,Animal Products
1711,1985.0,Eggs,297.70,Animal Products
1712,1986.0,Eggs,291.60,Animal Products
1713,1987.0,Eggs,304.40,Animal Products
1714,1988.0,Eggs,321.40,Animal Products
1715,1989.0,Eggs,311.80,Animal Products
1716,1990.0,Eggs,321.10,Animal Products
1717,1991.0,Eggs,282.00,Animal Products
1718,1992.0,Eggs,286.50,Animal Products
1719,1993.0,Eggs,233.90,Animal Products
1720,1994.0,Eggs,230.60,Animal Products
1721,1995.0,Eggs,256.90,Animal Products
1722,1996.0,Eggs,274.90,Animal Products
1723,1997.0,Eggs,347.50,Animal Products
1724,1998.0,Eggs,337.00,Animal Products
1725,1999.0,Eggs,321.40,Animal Products
1726,2000.0,Eggs,332.70,Animal Products
1727,2001.0,Eggs,320.40,Animal Products
1728,2002.0,Eggs,294.00,Animal Products
1729,2003.0,Eggs,335.50,Animal Products
1730,2004.0,Eggs,327.90,Animal Products
1731,2005.0,Eggs,375.60,Animal Products
1732,2006.0,Eggs,387.60,Animal Products
1733,2007.0,Eggs,467.60,Animal Products
1734,2008.0,Eggs,446.90,Animal Products
1735,2009.0,Eggs,427.50,Animal Products
1736,2010.0,Eggs,566.40,Animal Products
1737,2011.0,Eggs,581.53,Animal Products
1738,2012.0,Eggs,644.37,Animal Products
1739,2013.0,Eggs,694.65,Animal Products
1740,2014.0,Eggs,725.38,Animal Products
1741,2015.0,Eggs,782.81,Animal Products
1742,2016.0,Eggs,819.60,Animal Products
1743,2017.0,Eggs,828.23,Animal Products
1744,2018.0,Eggs,832.89,Animal Products
1745,2019.0,Eggs,881.30,Animal Products
1746,2020.0,Eggs,1124.40,Animal Products
1747,2021.0,Eggs,967.35,Animal Products
1748,2022.0,Eggs,1144.66,Animal Products
1749,2023.0,Eggs,1199.91,Animal Products
1750,1974.0,Honey and beeswax,9.81,Animal Products
1751,1975.0,Honey and beeswax,11.09,Animal Products
1752,1976.0,Honey and beeswax,9.18,Animal Products
1753,1977.0,Honey and beeswax,14.58,Animal Products
1754,1978.0,Honey and beeswax,15.32,Animal Products
1755,1979.0,Honey and beeswax,20.77,Animal Products
1756,1980.0,Honey and beeswax,17.35,Animal Products
1757,1981.0,Honey and beeswax,20.19,Animal Products
1758,1982.0,Honey and beeswax,18.22,Animal Products
1759,1983.0,Honey and beeswax,20.84,Animal Products
1760,1984.0,Honey and beeswax,23.33,Animal Products
1761,1985.0,Honey and beeswax,27.42,Animal Products
1762,1986.0,Honey and beeswax,33.04,Animal Products
1763,1987.0,Honey and beeswax,34.46,Animal Products
1764,1988.0,Honey and beeswax,31.55,Animal Products
1765,1989.0,Honey and beeswax,27.66,Animal Products
1766,1990.0,Honey and beeswax,27.47,Animal Products
1767,1991.0,Honey and beeswax,26.46,Animal Products
1768,1992.0,Honey and beeswax,33.06,Animal Products
1769,1993.0,Honey and beeswax,35.10,Animal Products
1770,1994.0,Honey and beeswax,25.50,Animal Products
1771,1995.0,Honey and beeswax,42.20,Animal Products
1772,1996.0,Honey and beeswax,48.70,Animal Products
1773,1997.0,Honey and beeswax,39.40,Animal Products
1774,1998.0,Honey and beeswax,34.00,Animal Products
1775,1999.0,Honey and beeswax,37.80,Animal Products
1776,2000.0,Honey and beeswax,54.01,Animal Products
1777,2001.0,Honey and beeswax,77.32,Animal Products
1778,2002.0,Honey and beeswax,91.40,Animal Products
1779,2003.0,Honey and beeswax,79.42,Animal Products
1780,2004.0,Honey and beeswax,67.02,Animal Products
1781,2005.0,Honey and beeswax,65.50,Animal Products
1782,2006.0,Honey and beeswax,70.30,Animal Products
1783,2007.0,Honey and beeswax,63.28,Animal Products
1784,2008.0,Honey and beeswax,85.74,Animal Products
1785,2009.0,Honey and beeswax,80.36,Animal Products
1786,2010.0,Honey and beeswax,65.88,Animal Products
1787,2011.0,Honey and beeswax,79.38,Animal Products
1788,2012.0,Honey and beeswax,88.37,Animal Products
1789,2013.0,Honey and beeswax,88.04,Animal Products
1790,2014.0,Honey and beeswax,100.55,Animal Products
1791,2015.0,Honey and beeswax,110.24,Animal Products
1792,2016.0,Honey and beeswax,115.79,Animal Products
1793,2017.0,Honey and beeswax,140.18,Animal Products
1794,2018.0,Honey and beeswax,160.43,Animal Products
1795,2019.0,Honey and beeswax,211.92,Animal Products
1796,2020.0,Honey and beeswax,159.49,Animal Products
1797,2021.0,Honey and beeswax,150.19,Animal Products
1798,2022.0,Honey and beeswax,239.55,Animal Products
1799,2023.0,Honey and beeswax,263.33,Animal Products
